"","gene","baseMean","log2FoldChange","lfcSE","pvalue","padj"
"1","PDK4",45.5115313288208,0.709157722514424,0.555281056270179,0.00138253380506505,0.00605399677983528
"2","ARHGAP44",263.171028420983,1.3733018826521,0.266560647863127,2.6914829173865e-09,7.73896783905617e-08
"3","PROM1",554.039523115089,1.79909896882141,0.40195173315577,4.19113220928164e-08,8.58675111103226e-07
"4","CACNA2D2",11.1422175528848,0.544334860957452,0.332785816534603,0.00135966797030946,0.00596586611152189
"5","MYLIP",120.761527765121,0.956744601236524,0.16519296606371,3.49881371679475e-10,1.29447615255103e-08
"6","SEMA3G",16.3415424865456,0.580438575135912,0.310078271304455,0.000656928387253886,0.00324471584657104
"7","MRC2",4629.18288870047,0.564235999898223,0.0707957167149917,3.36511978703183e-18,9.15973587745111e-16
"8","SEMA3B",186.016908355546,0.504943899378708,0.227357963530822,0.000310129080401238,0.00173161083243812
"9","LTF",45.8207375865616,1.56942086290275,0.394911023578981,3.64554917500241e-07,5.6130410176325e-06
"10","CALCOCO1",459.727244199193,0.621873210578355,0.121046462273031,1.25282575501854e-09,3.88146808612756e-08
"11","GPRC5A",453.364763043776,0.62565063540614,0.291715821971902,0.000274737192236466,0.00156671119388718
"12","MAMLD1",1117.63128349287,-0.558580190686099,0.180740173109268,1.26843274364159e-05,0.000116544426228624
"13","CNTN1",98.1889223083272,-0.803714765071348,0.372838350088387,0.000190256081263757,0.00114672734151975
"14","PLEKHB1",660.855346085977,0.946946162856872,0.21274278411353,1.79560332908724e-07,3.03105000501405e-06
"15","NRXN3",207.361025693771,0.597624163296365,0.278339679178041,0.00028995181344594,0.00163856836988381
"16","NR1H3",71.298492956363,0.50254553891449,0.130535754544617,6.5314681306345e-07,9.2699412211603e-06
"17","KCNG1",119.219450771008,-0.506323547845593,0.198051779145373,0.000103316799304926,0.000686511757543583
"18","BTN3A1",339.218354969622,0.541162632500577,0.13008114134301,1.34802784362329e-07,2.38652594893725e-06
"19","ARNTL2",2958.18960950482,-0.693686021032676,0.183794733573354,1.11095135217837e-06,1.48026498787193e-05
"20","ADAM28",55.7358385332446,0.952371487278232,0.285557153407871,7.44353779624177e-06,7.46193439030424e-05
"21","EPHA3",2819.90585604736,0.844663464327618,0.404779303255312,0.000204070897013055,0.00121666427727397
"22","CP",225.224417047019,1.8733498145758,0.526300961480684,1.04227757384121e-06,1.39608410000541e-05
"23","ADAMTS6",237.048669667704,-1.75144069342099,0.421863702737144,1.60111929960098e-07,2.7330192031151e-06
"24","DKK3",7045.88691744918,0.504956130321317,0.069695539425417,1.02149887332668e-15,1.48292450724939e-13
"25","TNIP3",13.3769999423935,0.62486689697548,0.597254902970074,0.00241877497073207,0.00960140283303881
"26","MSMO1",5236.29177762199,-0.515133724441142,0.0758069146149061,2.55545497599801e-14,2.78234287136698e-12
"27","CHRDL2",27.8658093681478,4.04877836221929,0.641551301414428,1.3039495760592e-14,1.52893102983618e-12
"28","MCOLN3",254.585252431419,0.503668201816721,0.169001030252533,2.30126038349189e-05,0.00019305510195689
"29","PRDM1",414.071547241449,-0.513656118157436,0.164002634428405,1.23062969555823e-05,0.000113756752270431
"30","SLC2A3",4289.62372486747,1.66801506068318,0.210334779746708,1.45105889106404e-17,3.56749849620793e-15
"31","COL11A1",31.2082817563064,1.05286318756318,0.650862560976909,0.00028229576564803,0.00160381451948301
"32","EYA2",97.8425546934515,1.29083594792197,0.416685076638515,8.21493647857657e-06,8.05275091594487e-05
"33","ABCA7",121.803126192373,0.668477993389366,0.0931745832445863,6.85832095167928e-15,8.43075695697156e-13
"34","COL17A1",47.6662493915219,-0.940986136136634,0.511360278120122,0.000265218581751028,0.0015267808940303
"35","FAM107B",250.561024128153,-0.691003334952089,0.124403903979542,2.61163596296203e-10,9.92747306319957e-09
"36","NAV3",2133.20308894551,-0.633746046012177,0.0900813485486463,1.05562124397746e-14,1.25709645483972e-12
"37","PDZD4",556.985432802729,0.523259800069333,0.127863746137587,1.94576149485013e-07,3.25567974379808e-06
"38","PPP2R5B",348.729767068577,0.600964215883401,0.160982341405132,9.55614461231983e-07,1.29249611646487e-05
"39","SDK2",29.1374926567157,0.585393058336084,0.477539696609851,0.00250626348041288,0.00986392311694644
"40","BCL3",494.546809302794,0.502444265794361,0.173032717138782,3.07680275674607e-05,0.000245548190686285
"41","ABCC9",24.279166132038,-0.933856556710521,0.645121976090844,0.000505452409104115,0.00260378880431701
"42","RORA",338.700654835606,0.830616986738592,0.133372095491214,2.13244433269255e-11,1.12473525824334e-09
"43","DRD4",3.412002023384,0.675755880033747,0.642785901477913,0.00188223249378542,0.00781980646028104
"44","WIPI1",603.681173496284,0.549686400969564,0.104451646944229,4.32988319743251e-10,1.54567703930829e-08
"45","ATP6AP1",3416.26845961464,0.506653292851931,0.0908502070066515,7.81726651149122e-11,3.48416939867429e-09
"46","TRIB2",10730.9650169063,0.501710336564828,0.112212413111903,3.48176435116577e-08,7.33046049790329e-07
"47","SREBF1",2314.45560607218,1.22666085569166,0.100485305609227,5.91674496389083e-36,1.28841347835126e-32
"48","TRHDE",498.887391158463,-0.840306984997097,0.150996709485654,8.87818605582895e-10,2.87325244265394e-08
"49","P4HA2",874.474574396531,0.872442938631753,0.18262058808063,4.18341766895043e-08,8.58248122850759e-07
"50","ACADVL",1968.17084784566,0.60154185141711,0.0752578757559749,4.32224456244645e-18,1.15585919062055e-15
"51","ACAP1",19.1240016965553,1.09593994070671,0.386867785642246,2.26518692729881e-05,0.000190658444687
"52","PANX2",124.680084794917,0.678259004735081,0.157531402099808,1.12078420977506e-07,2.03867705365169e-06
"53","PTGS2",859.834661605916,2.38542072148264,0.406950098109281,3.24063275303102e-11,1.61957262473612e-09
"54","NOTCH3",925.999945694564,0.650854581958256,0.0967073437892017,1.139298773795e-13,1.09222208861366e-11
"55","ATP2A3",41.3301333241308,0.787452817269643,0.354218094204683,0.000166844544154188,0.00102839117935394
"56","CA12",19838.9041815681,1.07868085982332,0.0741231744451901,3.32220406982012e-49,1.2660089159067e-45
"57","SCARF1",10.0894848062254,1.09102530125846,0.507699931029645,0.000102009701456457,0.000678122058133788
"58","SEC31B",52.7987035216293,0.847196108732414,0.255251866782672,7.82565590159672e-06,7.74084833926274e-05
"59","RAP1GAP",42.0101873029557,0.672340718620858,0.336269403170333,0.000368708011711665,0.00200793719990029
"60","CAPN6",60.9142751875913,1.99185532992342,0.305305135029087,6.77066878708979e-13,5.23884793510709e-11
"61","NEBL",76.0999467591656,0.549187757435831,0.374446537921568,0.00194633769730895,0.00804665731491194
"62","EDN1",18.3998012506659,-0.516747421883758,0.645619946641445,0.00385779930586066,0.0141153228082655
"63","ADCYAP1R1",453.763158793685,0.672014271001033,0.278284137844411,0.000116486357148951,0.000762715439012653
"64","FDFT1",3658.22542986414,-0.643491312153649,0.0711080481457735,1.05861444883589e-21,5.97646668281686e-19
"65","PGM1",1180.51724107882,0.624583763189478,0.102712840379297,5.41515353228166e-12,3.27552322589561e-10
"66","PTPRH",56.4992228285978,0.768644010349967,0.271507968768292,3.26823984674218e-05,0.000258659293789673
"67","SLC4A4",1305.24578309386,0.636021104032091,0.24205774570578,6.18408435882298e-05,0.000444050592130597
"68","IGSF9B",164.448855175644,1.01807771153896,0.137780704663868,1.01808751829805e-14,1.22194551507222e-12
"69","CXCL2",112.101423840856,1.03975285195542,0.475820305568112,0.000106474191608519,0.000703810105242263
"70","PCDHA6",120.234533227837,0.888997046048891,0.232570745061761,1.6297908921995e-06,2.06507918285927e-05
"71","ATP8B1",360.142016659839,-1.1103340501745,0.2427254861008,9.20153738664302e-08,1.71675684681272e-06
"72","SEMA5B",105.677156109577,1.73461471115276,0.269917282831535,9.20272491625747e-13,6.84278711700061e-11
"73","ITGB5",5077.55939558678,0.570616419352455,0.104647744864805,1.52963451042265e-10,6.30168076820877e-09
"74","MECOM",480.550969642678,-0.51754790925533,0.0776857881327322,6.45233480484445e-14,6.51343969736715e-12
"75","IGSF9",45.8715536542629,0.655062481053375,0.293772519568808,0.000204094374925509,0.00121666427727397
"76","WNT11",4.67430356246007,0.830987735261247,0.627315954269894,0.000825774095098225,0.00393475290140114
"77","HSD17B2",34.6996305178177,0.907234061485807,0.454750723222775,0.000213853833376107,0.00126740823567341
"78","PPEF1",40.4310213094013,0.592967690385561,0.553460230988364,0.00280784766407801,0.0108601933376151
"79","FTL",11740.9527330688,0.56990450799833,0.101091287152176,5.12418593010255e-11,2.41820328583756e-09
"80","SMOX",961.068802045478,0.643078611418448,0.0920899152232812,1.76441989258975e-14,2.007093464384e-12
"81","LZTS3",303.845794113809,0.60819525983567,0.135589283854162,3.20615314608795e-08,6.81609378044891e-07
"82","SIRT4",11.0947178109871,0.512043875007427,0.344380391341842,0.00219591638077991,0.00889748893998622
"83","RPH3A",239.590819499478,-0.859421736377282,0.26937142446195,1.15589472787884e-05,0.000107961417506478
"84","TBX5",143.859470028134,0.621520224909892,0.267333780058419,0.000162779513636528,0.00100863744974049
"85","FXYD5",830.955915699883,-0.53677020386582,0.0722876833827429,2.26825842567006e-16,4.02035618401031e-14
"86","LAG3",32.9922143349635,0.502786283772975,0.313932185343242,0.00176051875264302,0.00739497645915472
"87","YPEL3",110.862104839985,0.779988257842204,0.163879609467836,2.95000325622644e-08,6.3333661457267e-07
"88","ICAM1",1677.91886230972,1.22967548415926,0.287091569782408,2.15784749582356e-07,3.54822754895776e-06
"89","SEL1L3",2689.75794547168,0.949637487690592,0.286708970139594,7.96125824257658e-06,7.84951225042657e-05
"90","ANGPT2",87.5187952631167,0.50295938114955,0.387720160057268,0.00333614330850539,0.0125253281900364
"91","SLC22A17",379.218645128573,0.569748533590339,0.12640173779619,2.50617782401877e-08,5.46518863684093e-07
"92","TEKT2",6.7574285880917,0.849972557674246,0.458464843260513,0.000329188784928512,0.00182201330743112
"93","TGFB2",319.666225380387,0.90050205755772,0.298191282165346,1.85383228147306e-05,0.000160374378356945
"94","WHRN",176.484568082448,0.836398901534919,0.151178133776753,1.02893600183879e-09,3.26751489083931e-08
"95","SEMA4G",122.530841170751,0.647471861071681,0.135727424907415,1.02303956194983e-08,2.49507072684821e-07
"96","BAMBI",139.911838205535,1.19944823316942,0.375722850739645,7.59311317077886e-06,7.56482510210341e-05
"97","SCD",87384.3008029487,0.80755644860049,0.223833145863388,2.93283253563994e-06,3.37012336610919e-05
"98","MZF1",215.006084992026,0.609774763436677,0.11442579181606,3.97422365152825e-10,1.44235931238679e-08
"99","IZUMO4",17.4615160375761,0.594295901784737,0.39842526710615,0.00153900219061605,0.00661749235304949
"100","SUSD2",9.23381355271858,0.944390360151283,0.432866956142374,0.000132831983741227,0.000849311211479668
"101","SEZ6L",2362.04611436235,0.612912733155315,0.431236374345062,0.0016354393683291,0.00695563680006709
"102","NEFH",101.229433563621,-0.786454205137814,0.179017954225087,1.4608177033018e-07,2.54482791444906e-06
"103","ARSA",169.213573171272,0.597232808801707,0.0920476793515765,2.85347485147372e-13,2.44741101308543e-11
"104","APOL1",288.302742230307,0.793558641461967,0.187353271943004,2.8395385682409e-07,4.52278854709467e-06
"105","MYH9",16423.8967170445,-0.566315653671177,0.114178420774239,2.38208382236896e-09,6.96946823213292e-08
"106","TRIM9",1542.90567398312,0.627500310374305,0.0952563744734391,2.12401738676995e-13,1.88234866433339e-11
"107","PLEK2",31.0697749899759,-0.702770632010305,0.437868194105413,0.000833221696279174,0.00396033623834844
"108","PAPLN",91.2477079002762,0.703564932223941,0.205264617822529,4.23805871081699e-06,4.63419863192134e-05
"109","NFATC4",316.585942832159,0.729037941653468,0.173891596110878,2.45526513392758e-07,3.97721641195091e-06
"110","MMP9",9.66245319468286,0.834741842466237,0.730235099843486,0.000914762288019368,0.00427825121779767
"111","BMP7",932.838066654632,1.24458323139173,0.251622161951903,1.16497833602262e-08,2.80090927066132e-07
"112","FERMT1",733.976945626684,-0.667562146531564,0.13955293170504,1.12580630493336e-08,2.7152951750157e-07
"113","HAO1",14.8236428691888,-0.698965542884815,0.375661126299484,0.000485323392391416,0.00251539764373423
"114","SNTA1",549.551786065942,0.563410529518913,0.132203403982918,8.24818073977185e-08,1.56571630157338e-06
"115","MAP1LC3A",181.072952868356,0.635879962799681,0.120456304035046,6.59035209510873e-10,2.20784037331302e-08
"116","SYNDIG1",95.5308378011726,-0.825753631213895,0.324520247345545,6.99592187482077e-05,0.000494936527584486
"117","SMAD7",210.588813613064,0.578568523421774,0.155812458381871,1.00643656458769e-06,1.35402582118359e-05
"118","LIPG",5868.46922573563,0.697859127125785,0.181078024758389,8.2584561683377e-07,1.13408691327902e-05
"119","RENBP",58.4691568602346,0.57359422989114,0.365062497124626,0.00140853571713855,0.00615195127115841
"120","PCSK1N",101.044645192919,0.647985304819344,0.233235772607992,3.75480990823055e-05,0.000290530799142936
"121","PGK1",13645.4516286422,0.663131278044299,0.236357762387781,3.43678793196357e-05,0.000270175133815991
"122","PCDH11X",113.526119289604,0.556977808281288,0.258945772554864,0.000318606460734931,0.00176986817820064
"123","FLT1",24.2236519768698,2.04939605467762,0.411814191764273,4.17970499153843e-09,1.13365201398613e-07
"124","HSF4",138.635812020807,1.37904609146864,0.34484997518492,4.45426112462908e-07,6.73574427804772e-06
"125","ZNF423",120.404825460021,1.43345530279789,0.270459513820768,1.03418023453066e-09,3.27054135164956e-08
"126","RHBDL1",12.9119593598718,1.26309365169128,0.467073496172503,2.22903350117793e-05,0.000188552484231161
"127","AQP9",17.2945791385026,1.81898436557357,0.472656378681592,4.51485589601523e-07,6.80039016037155e-06
"128","RASL12",91.8618255406232,0.640008579593987,0.407723065200683,0.00110762557212756,0.00501739571944738
"129","HOMER2",2662.95491874454,0.704544197037351,0.128374328585454,4.34466045325258e-10,1.54732848805909e-08
"130","BMF",56.4604014213135,0.543755831845258,0.402378909102662,0.00249309791222238,0.00982733164623888
"131","RP1",33.9798314805368,-0.527738132046526,0.263022723542599,0.00053900593740539,0.00274417752300279
"132","EYA1",137.13588805704,0.610225547399212,0.298243182295859,0.000375843436909188,0.00203950925909817
"133","SFRP1",6.74262462154454,-1.13137151156382,0.77418211439038,0.000267698589126429,0.00153692263429535
"134","NDRG1",15574.2621624728,1.49762718712304,0.189775995844008,2.04523863326207e-17,4.94850356933552e-15
"135","SQLE",6596.03555910231,-0.532044748442542,0.0752358558241573,3.26328983511869e-15,4.32541973536645e-13
"136","BNIP3L",2364.23860878432,0.703998894183105,0.336438196387036,0.000271122693105854,0.00155132252665636
"137","ECH1",833.251118140872,0.575025262237803,0.0981256357124796,1.35924635271926e-11,7.58937441556762e-10
"138","FCGRT",688.512737309848,0.552897681064931,0.073706713385666,1.3120449182357e-16,2.53158236565402e-14
"139","OLFM2",1590.64265996229,1.19583567396039,0.106415376633753,6.91964886766064e-31,1.05476207689751e-27
"140","PLD3",3355.40900546384,0.62574339886876,0.0773615912311311,2.96357333175467e-18,8.36550894369193e-16
"141","BBC3",90.2910419082463,0.671801942303929,0.231385669117438,2.49326722955119e-05,0.000206068171782084
"142","ICAM5",107.689192366412,0.517462222743077,0.237651725450715,0.000336589627250065,0.00185769848339687
"143","PLA2G4C",29.2668433654788,0.765165183457373,0.429615442680706,0.00048211639878036,0.00250132752437339
"144","DBP",66.1306286703995,0.632661813757671,0.222913279907633,3.0635280540283e-05,0.000244952420421591
"145","CAPS",276.267306846944,0.778304966811722,0.133184209520892,1.30502492892962e-10,5.46497115155883e-09
"146","RAB3A",149.289883378053,0.678726784507522,0.165285404006308,2.66435014703556e-07,4.28403895477459e-06
"147","ISYNA1",78.2850540722396,0.792655853146375,0.160675340889362,1.456490623325e-08,3.37919125895631e-07
"148","MAG",81.4971809428165,-2.53783725664324,0.499652814644528,1.24645352165558e-09,3.86959084126191e-08
"149","PBX4",24.5195463980353,0.634439728518275,0.269105796118012,0.000144607539620616,0.000913112148482622
"150","HBP1",739.59558135218,0.62779928121922,0.130150974165901,6.75528312193913e-09,1.72480369560667e-07
"151","DLX5",655.413972730763,1.08980840900151,0.100724505042204,1.49208526545154e-28,2.06762324557071e-25
"152","TSPAN12",45.0324862564616,-0.878827613454603,0.257746664695223,6.03918210381239e-06,6.22836622519704e-05
"153","HOXA13",51.8180745590119,0.792127552937374,0.440034911657396,0.000429700476175502,0.00227427929109138
"154","CPED1",334.113343822247,-1.33529027585126,0.246642322554817,7.49967759590227e-10,2.47583015213626e-08
"155","GRB10",5407.53857233917,0.546228584172402,0.0641323370619438,2.95371967892214e-20,1.21685267745433e-17
"156","NPTX2",1369.65912219965,1.24541980495274,0.192768994760575,1.99413490336183e-12,1.36921614107857e-10
"157","PTPRZ1",35779.3953657576,0.695834683929277,0.172988834354908,4.14165556896843e-07,6.30681876501357e-06
"158","TFR2",39.2781648520103,0.756776586546028,0.266117928967569,3.14141071327223e-05,0.000250180373575802
"159","SERPINE1",37389.1585886737,-1.01332774715467,0.171758179829017,1.7777093070783e-10,7.13095341257749e-09
"160","MEST",530.222933629192,-0.601172366167454,0.147141030345871,2.03466140303554e-07,3.38215308249408e-06
"161","PRKAG2",272.846293449076,-0.697422011591556,0.0884562888271824,5.57515824723286e-17,1.18030746059126e-14
"162","AMBP",27.9849084688614,1.32437631387873,0.305879326779337,1.40785201606296e-07,2.47804714559442e-06
"163","CA9",236.769524614956,5.09221351882496,0.881238670273695,6.95586521188452e-13,5.35496229417958e-11
"164","PTGDS",62.0415471641487,1.65227012857582,0.185918996629596,4.05672641399848e-21,2.09004795922126e-18
"165","ABCA2",1741.49729333147,0.56554685438662,0.0811070196462575,7.38187374992551e-15,9.00175212560916e-13
"166","UNC5B",435.27892836005,0.594913604544454,0.287551080383617,0.000365956397366503,0.0019948952779636
"167","SPOCK2",3384.24517827588,1.41206342271593,0.207193889569434,8.54077122043597e-14,8.3453189559683e-12
"168","MAP3K8",53.7124609727652,0.927385508750683,0.326131220159617,2.88447418339927e-05,0.000233252201472441
"169","EBF3",379.273828148982,0.720144403446066,0.133698119506272,8.76838602352723e-10,2.84375549269416e-08
"170","RNF43",7.75347219913705,0.537334031547967,0.55099907024598,0.00391941175576375,0.0142858903379022
"171","HOXB6",191.60784407307,-0.549898171755429,0.113854965898793,4.66391001550336e-09,1.24058916862059e-07
"172","CPD",6716.85432239967,0.502466192142605,0.173554008346941,3.17530983589377e-05,0.000252350309834514
"173","ALDH3A1",170.817458866404,2.10088657516218,0.33569651342777,3.93028753638068e-12,2.49622387154378e-10
"174","CCL7",26.3635271624993,0.831714571111828,0.570761314841307,0.000696908184800573,0.00341026371136922
"175","CCL8",6.74006913657899,0.62860360527688,0.662190134199606,0.00233663840758912,0.00933244181963757
"176","DHX58",110.281156397918,0.712407998236718,0.186470562105905,1.00223593219881e-06,1.34956557548644e-05
"177","CNTNAP1",1551.03760253601,0.550865088713534,0.100522037531522,1.23320298220652e-10,5.17843334924903e-09
"178","HDAC5",504.348535292383,0.535531936300042,0.118166091906151,2.20827592547253e-08,4.89967247918163e-07
"179","ABCC3",556.057315794298,0.91227999131849,0.183882438020259,2.06206135712036e-08,4.63598838740201e-07
"180","SLC16A6",178.656105175667,1.47339908470727,0.458467631266628,4.49119881979206e-06,4.86119334334936e-05
"181","EFNB3",254.696522732369,1.02414014153945,0.211158507456098,3.39053745662948e-08,7.15816654451567e-07
"182","TMEM97",2277.38746808787,-0.622467192452519,0.079913313076808,3.0884405694288e-17,7.13289387875805e-15
"183","ALDOC",479.189835370422,1.34611955243648,0.232631185445767,8.55372718967408e-11,3.80129631347528e-09
"184","MANBA",444.539003990903,0.569750194395787,0.0907231719586424,9.05026112489357e-13,6.76240834935062e-11
"185","SOD3",370.889638128558,0.807805901462847,0.214109467364404,1.66335269783949e-06,2.10236195465733e-05
"186","GLRB",172.239492477687,-0.532724926500197,0.151188049017701,2.35728891309475e-06,2.80719960174244e-05
"187","HGFAC",12.6283953874336,0.776702478655651,0.415361346632422,0.00038703062215736,0.00208906082632601
"188","CRYAB",252.517859544632,1.48425340680768,0.193732485335492,1.30877946318136e-16,2.53158236565402e-14
"189","ZBTB16",119.94586423241,0.609984496491176,0.435915497691488,0.00172112578423764,0.00724833127131502
"190","CPT1A",2308.39883384966,0.54072120495058,0.139484773116411,4.98769883870859e-07,7.42455990219093e-06
"191","CCND1",14289.6150144305,-1.15135964819286,0.271963150371327,3.16597697517413e-07,4.97515330232775e-06
"192","ACCS",66.4856109572716,0.902608517721852,0.131221374767203,4.56473935365428e-13,3.78153923737784e-11
"193","SLC22A18",129.387212424786,1.00448251882548,0.13082180979694,1.21834531544025e-15,1.75200355125055e-13
"194","CLEC2B",1337.65467581518,0.725744015547904,0.235079548066049,1.43025959910076e-05,0.000129616213252633
"195","WNT5B",71.9423320288741,-0.609196182675854,0.270780386414566,0.000208669489918786,0.00123957483820423
"196","MGP",66.2913643085184,1.72820613872898,0.46383360121316,7.31352286359575e-07,1.01622633554959e-05
"197","ING4",253.631903701092,0.50283930801109,0.115116542485747,5.75339947259861e-08,1.1345286954828e-06
"198","ENO2",5187.41105968129,1.26266836761358,0.258875215537361,1.51808666716412e-08,3.51674697075725e-07
"199","SLCO1B3",16.5757208317017,-1.0941822289185,0.575175785280817,0.000160553098509667,0.000997680750339522
"200","FRK",66.6363361123207,0.564426046145837,0.245761830387772,0.000199355349745972,0.00119354815246577
"201","ADTRP",69.9979744359185,-2.31551784543903,0.429283021553835,4.41217318899495e-10,1.56231337710483e-08
"202","RBM24",13.3440523336716,-0.594235195167668,0.408696751399319,0.00165802812286334,0.00703208755615079
"203","PHACTR2",582.201791493425,-0.569668404109874,0.174294867207048,6.27968179800498e-06,6.42424091590537e-05
"204","VEGFA",5508.16842799065,1.37567031696846,0.563013600174901,3.16264561755696e-05,0.000251608596808041
"205","CLIC5",5.46371638161039,1.73033407541305,0.651270324884317,1.08912666042609e-05,0.00010254204870213
"206","ENPP5",56.2354471147246,0.782555870651406,0.296246508816358,5.60282991381461e-05,0.000407461528512768
"207","SEMA5A",5341.13233082274,0.771328520733503,0.12159983379937,6.70330971561758e-12,3.97581906595949e-10
"208","HMGCS1",6756.36419477536,-0.50061544381812,0.13005914060383,6.63159001274859e-07,9.4032861920304e-06
"209","APBB3",116.992678965701,0.8178976646103,0.156306497726513,4.14302712665985e-09,1.12570699628656e-07
"210","SPARC",30493.2639936602,0.568047748001849,0.10502850296918,1.95662534464589e-10,7.74671172167202e-09
"211","HMGCR",5966.45697261151,-0.541145943954357,0.0769650666360267,4.39542761639301e-15,5.63021034930072e-13
"212","POLR3G",539.757485030087,-0.619094661655064,0.139528122765302,4.28422922348713e-08,8.71889266403396e-07
"213","ARRDC3",3254.4590469828,1.3085715556817,0.253319336405046,3.10349790008855e-09,8.84235859645791e-08
"214","SLC27A6",34.5610588534026,0.758927117968342,0.255663569139532,2.15215481666904e-05,0.000182657549390234
"215","FGF1",248.535301937619,-1.09612748108062,0.319114179033934,4.70607336303622e-06,5.04463264927997e-05
"216","HRH2",58.9942189231598,1.10532629243883,0.336177633877102,6.97327633479565e-06,7.06739701936769e-05
"217","BCL6",572.213035860293,0.821331506678468,0.109416975087834,4.17858791070723e-15,5.41825835972637e-13
"218","AMOTL2",1290.19111934222,-0.862416802103478,0.0838206584075483,1.0264434664419e-25,9.77879859935869e-23
"219","FAM162A",794.154182024268,0.659370979798904,0.238911298433548,3.99218150924783e-05,0.000305946821244166
"220","PFKFB4",931.387267702006,0.811751820630675,0.264765012713009,1.64670867164186e-05,0.000145934769080447
"221","ABTB1",174.091581840281,0.60840580312732,0.128949910897915,1.01469896001444e-08,2.47869491145836e-07
"222","KLHL24",887.658824207847,0.735144435780523,0.150806296635679,1.26958021642749e-08,3.00034282775258e-07
"223","SLC4A3",998.344717328204,0.556266695148152,0.123984074934226,2.73402388727668e-08,5.90293571016408e-07
"224","LOXL3",1041.54816399656,0.784648566711434,0.174983095270397,9.93580399648957e-08,1.84023645587473e-06
"225","EVA1A",451.228291556547,-0.874677933333301,0.0970299189135947,2.26542019864235e-20,9.5921666910848e-18
"226","IGFBP2",8737.48670605825,0.557858294205046,0.166796454780276,4.68714975624403e-06,5.0347286824396e-05
"227","IGFBP5",35322.4399919269,1.41853742441773,0.397507729640089,1.76161294627752e-06,2.20100542132035e-05
"228","EFHD1",121.662517667643,0.743736945835608,0.217118581591176,4.72773925497645e-06,5.06073942862402e-05
"229","KDM3A",1682.21979706989,0.637428890101734,0.116505713198572,2.30905308171985e-10,8.93322236666389e-09
"230","ABCB6",551.84441590079,0.542804173598971,0.0973172072372811,6.87530521805168e-11,3.10980051747068e-09
"231","ID2",333.033510433974,1.17920606293087,0.176943775143162,7.37271104470961e-13,5.64734846505068e-11
"232","ODC1",13161.3970669778,-0.565212459822972,0.0610589934918693,4.08805472938182e-23,2.96734372571272e-20
"233","QPCT",407.507566379579,0.763812483850151,0.226804870328649,6.00885334020242e-06,6.20128310526104e-05
"234","EPAS1",5869.12456570188,1.52514769029043,0.179939885644339,1.49591709334167e-19,5.56152786678223e-17
"235","DHCR24",9867.50599959458,-0.718627686983792,0.0858922397775022,1.64771210293527e-18,4.92472070294949e-16
"236","RALGPS2",143.732123069256,-0.715126079868394,0.240822848353568,2.07511974063412e-05,0.00017690743963359
"237","ANGPTL1",10.7824997924633,0.504478042586701,0.446170308325075,0.00422476981806455,0.0152445682539091
"238","FBXO2",17.549135798935,1.02133891222971,0.322270340592669,1.09452986956277e-05,0.000102987153097193
"239","RGS2",251.24183458382,0.633414969858505,0.187695699220996,4.35666420480091e-06,4.74008797100501e-05
"240","KIF21B",38.7125862296344,-0.969396325665255,0.266469590357244,3.00329604549368e-06,3.43946218042526e-05
"241","SIPA1L2",1146.47107465719,0.805847563382787,0.247179086396346,9.06053332080212e-06,8.75774948693638e-05
"242","RIMS3",255.005246401827,0.76847007250103,0.161342374224811,2.69888567615237e-08,5.84362419908958e-07
"243","CDK18",113.573949553728,0.966810898002921,0.156569162820868,3.89362283081517e-11,1.9022593849396e-09
"244","SLC2A1",5652.34347749378,0.681583294738018,0.181319818084956,1.12339655957498e-06,1.49554006616607e-05
"245","MAN1C1",852.693871785103,0.599636070904176,0.11068211972846,2.22647473942195e-10,8.70209088538687e-09
"246","CTSD",5712.98220876361,0.517848662940808,0.162749680892778,9.95180743647189e-06,9.50472435802889e-05
"247","NRP2",11357.4620282123,0.63252123526275,0.108918146387384,3.13800911847444e-11,1.57863607237313e-09
"248","ATP10B",16.1544524795315,2.17430567698444,0.443598946749831,5.51353943036243e-09,1.43417886581936e-07
"249","MYB",64.3163075624036,-0.997412125507753,0.184463472385428,2.55861031875768e-09,7.42874230263303e-08
"250","CCND2",17398.1048798481,0.590990629269229,0.0905311627118213,2.04982329942212e-13,1.82721968146733e-11
"251","GDA",231.939814714204,-0.521204811119109,0.185501036784647,3.99139425569887e-05,0.000305946821244166
"252","TJP2",1007.7836808685,-0.515376696628625,0.26162937501769,0.000628731239319217,0.00312887700977565
"253","NR4A3",40.1756677057513,0.644941846433721,0.340411281244801,0.00051543361365594,0.00264420494996292
"254","LTBP2",2985.69307302096,-0.616250977403936,0.134222464295613,1.99855758017099e-08,4.5131871399328e-07
"255","ESRRB",8.59181088574432,0.704191216781312,0.483201456379527,0.00108549782386485,0.00493077786229718
"256","IFIT2",577.510686222315,0.517343931311321,0.291149884545851,0.00106144389877025,0.00484418842783083
"257","PPP1R3C",307.647419383899,1.06802654256926,0.25029830143,3.31103471957999e-07,5.17111703181944e-06
"258","MXI1",558.395941612864,1.0263084475401,0.221628092289898,8.54743121411807e-08,1.6142164945085e-06
"259","AVPI1",85.8152884785509,0.572287899034889,0.136702891574929,1.19140200802266e-07,2.14663602934864e-06
"260","TEK",123.836039323801,-0.503555386210077,0.149638245202087,5.12503273772904e-06,5.43260598200304e-05
"261","ACAT2",3448.92185423705,-0.883038681617279,0.0938079275918445,5.80893291107364e-22,3.68939851514565e-19
"262","PLXDC2",679.622092072686,1.34819541007473,0.490075592241355,1.71838253492762e-05,0.000150796229014978
"263","EGR1",1045.41952964221,1.26175635102186,0.13730430726619,6.73987133132071e-22,4.10943434813286e-19
"264","DUSP4",5380.38993564924,0.966644018790122,0.161623401108682,1.20795057121792e-10,5.1004959991897e-09
"265","KCNJ8",7.11926527692873,-1.40185272710855,0.501241005555749,1.41083599588499e-05,0.000128084413849166
"266","POPDC2",11.6271022044572,0.748073329579381,0.469263305429698,0.000733398223049848,0.00355572172835523
"267","DEPDC7",131.2379581188,-0.567509788429289,0.131540629372542,6.43434357494242e-08,1.25420331346352e-06
"268","CPXM2",43.3037793424002,1.8753973599957,0.34570313654614,4.1573994118768e-10,1.49813804338624e-08
"269","CXCR4",1008.87768521996,0.636289498544328,0.137301086441656,1.83935706477126e-08,4.18467458780722e-07
"270","FMOD",49.9090613162127,0.83061710434306,0.244068598942532,5.93774666606682e-06,6.14871415970492e-05
"271","INHBA",478.382293756853,-0.549207571294574,0.300969269491599,0.000826587476501868,0.00393739778259937
"272","FKBP9",8161.95931012339,0.509151642688858,0.0717435149114125,2.98687778574671e-15,3.99377000773132e-13
"273","PLAU",3893.64817987804,-0.634622147987382,0.0869768551377479,1.61604939943876e-15,2.23940372687682e-13
"274","P4HA1",2298.49022354421,0.97426859728406,0.280427489847285,4.89992747242955e-06,5.2193986346781e-05
"275","BHLHE41",2235.58519645139,1.14254433138441,0.143441729624513,6.01650814174892e-17,1.25629635074902e-14
"276","ITIH5",25.410519393876,1.77410110188729,0.4311805737897,1.81800772282772e-07,3.05870769526081e-06
"277","COL10A1",24.1403905216385,-2.31472887731655,0.283800672980659,5.30437794869748e-18,1.39404539779303e-15
"278","G0S2",25.9913350862351,0.855771398178733,0.24072795654213,3.76944209410047e-06,4.18787214579981e-05
"279","CHPF",3951.31407361304,0.582985709282661,0.0970900667861828,5.81808091729882e-12,3.49153572529079e-10
"280","OBSL1",2438.03350997924,0.904367539135475,0.11153964699627,5.2052245801346e-17,1.13347483249988e-14
"281","PI3",394.782856332375,0.719190676619183,0.401471615935218,0.000537145891730265,0.00273869420297304
"282","SLPI",101.015243170302,1.33515161144199,0.21284141610858,4.40411657445388e-12,2.75130938296723e-10
"283","NDP",409.363784829034,-0.951302565300613,0.182379815633446,6.65178281377152e-09,1.70122693675032e-07
"284","COL21A1",98.9416135813278,0.667069766914126,0.392435117221587,0.000767070863294386,0.00368847355495152
"285","CPNE5",108.433963358879,0.690229703291437,0.24709084272623,3.60268010960303e-05,0.000280898480361529
"286","ATXN1",1984.18204415849,0.613294819272413,0.0789917658429306,3.24321510746639e-17,7.37855640046421e-15
"287","MT1G",12.4637435215958,2.58354537742207,0.989737747684644,1.71842948531879e-06,2.16300748511266e-05
"288","PTGER2",28.9867217620619,0.841775143926266,0.219784485705647,1.47546784396674e-06,1.90275434395812e-05
"289","INSIG2",717.302235716795,0.839014272601194,0.338823336138055,8.18901982075768e-05,0.000565587807556907
"290","C3",629.68719724783,0.546743113930456,0.448962578288712,0.00304391194093722,0.0116024880509392
"291","FOSB",47.0822686928597,0.519919128053422,0.337231078627014,0.00187559762282006,0.00779436602089589
"292","HSPA2",165.49880579662,0.632194171187876,0.171339893681101,1.24283113218075e-06,1.63173772160476e-05
"293","BEST3",38.5435143978128,-0.693624811259815,0.328669089228225,0.000264160048438724,0.00152234087650339
"294","IDUA",129.353734477594,0.783708448454174,0.122817629306694,5.97931617108266e-12,3.57422417238482e-10
"295","KDM4B",1007.89979730644,0.51706550842169,0.101031708602893,1.04267564996479e-09,3.29058073134851e-08
"296","ADM2",37.069256236215,1.10249534398498,0.272889596993264,7.00111002406957e-07,9.78166087047593e-06
"297","MCHR1",84.0112495741739,1.40573133638487,0.484735142413074,1.10135446212466e-05,0.000103549289404123
"298","BAIAP2L2",9.31238030752579,0.967361928051716,0.40139114136839,7.67856091827691e-05,0.000536900477418784
"299","LIF",1724.48850050736,1.59645274008016,0.271005374296201,2.6307993326913e-11,1.35936522807504e-09
"300","KRT17",4.83832104567659,0.620034082956964,0.569094102117917,0.00243019355944776,0.00963919865382829
"301","CPA4",103.703540177868,-0.890333943089718,0.312687028053903,2.96950085004132e-05,0.000238608863770057
"302","FLNC",4072.16229572601,-0.808568850743708,0.111255461453121,2.1372207006738e-14,2.37793103214385e-12
"303","ARHGAP22",1319.43527124103,-1.02147167196892,0.0693749751841706,3.86709901606399e-50,1.96487301006211e-46
"304","ATP1B2",1565.73224733323,1.03848854350467,0.224993432505132,8.94739196558033e-08,1.6754925765521e-06
"305","AP1M2",10.4385985431146,-1.31938570822316,0.489681104801408,2.05545409688193e-05,0.000175525416239615
"306","EGLN3",172.843676950127,3.31228589395053,0.644170160841333,5.5125882235468e-11,2.5775577390038e-09
"307","CDKN1C",44.2092116350419,1.12560046006502,0.302998882281686,1.94623381144665e-06,2.39052715454322e-05
"308","SHC2",163.061172015033,0.661025309196602,0.360495315703361,0.000573475999815448,0.00289645283803409
"309","GDPD2",427.619380849705,0.730045014861103,0.242405708684419,1.83653502542079e-05,0.000159148967552525
"310","SAT1",4398.25839904989,0.631463668594325,0.144992633372094,6.7451980476282e-08,1.30644286963147e-06
"311","APOE",342.703602837393,1.33658162279099,0.147191519013526,1.2124392493145e-21,6.6004326704646e-19
"312","DPP6",228.661196070752,0.585436319819884,0.217790898996151,5.27277539801902e-05,0.000386444014537115
"313","GDF1",92.5664078129886,0.523544237966761,0.346268750147495,0.00197343046547326,0.00814541039404517
"314","GDF15",1239.90069697976,1.23054044778851,0.5275371678449,5.25188333246532e-05,0.000385433113320987
"315","IQCN",32.2338222659363,1.12914385943129,0.301584778370595,1.76518822022155e-06,2.20366617861073e-05
"316","JUND",1947.82053391153,0.761987790752046,0.154372280203582,1.16880893116245e-08,2.80569362798571e-07
"317","OLFM1",235.953141025454,0.643371648361137,0.316413857159701,0.000360195868277642,0.00196649914762038
"318","PNPLA7",40.0583518693921,0.605697708866291,0.235689159873268,7.65886265874476e-05,0.000535768900905215
"319","NPAS1",25.7566849352447,0.691093809868708,0.390057346056865,0.000608035280963108,0.00304777434650465
"320","SLC6A8",6112.62585499762,0.914585375118722,0.129291182335662,1.21619389822226e-13,1.15865272441262e-11
"321","PNCK",26.2939410803859,1.27773938936813,0.370276893778181,3.21053077159757e-06,3.64665577879745e-05
"322","PLXNA3",1199.82665977969,0.650385778092705,0.125505328102765,1.27197932107403e-09,3.92485441116022e-08
"323","C1QL1",496.939472338148,0.519588293162488,0.157754150817546,6.34274406171637e-06,6.47781251472967e-05
"324","GSE1",1277.68174684628,0.675239909181897,0.115642450541566,4.33992762310717e-11,2.09346572022223e-09
"325","IDO1",7.05222403172927,0.656730902081716,0.589304078968859,0.0020120034297323,0.00827772423195935
"326","RAB11FIP4",148.336883378128,0.910798886250805,0.292750599111146,1.43304513258218e-05,0.000129714411852436
"327","GALNT15",58.4028973158394,0.756061506456713,0.310732939693466,0.000101536643085526,0.000676156859131791
"328","SLC6A6",4609.0314381476,1.63002688549574,0.391965157382441,1.70389599337037e-07,2.88262892640894e-06
"329","KCNC3",27.5754623576828,0.903741185245898,0.275402872652185,8.86330155560862e-06,8.57798765791379e-05
"330","PSMC3IP",342.676034672594,-0.567347499154181,0.0854048129946848,7.70329585861012e-14,7.67459730541138e-12
"331","LGALS3",5238.07067477942,1.3251974524817,0.25499708263929,2.48882243563357e-09,7.23990847067987e-08
"332","MATN3",55.6369207928584,-0.66698997842854,0.182304756586393,1.5806735736507e-06,2.01382508459814e-05
"333","PTPRE",1532.49227364494,0.634733766574766,0.427642222886467,0.00133695190895177,0.0058780380583074
"334","ITGB4",569.717821498558,0.731306600661474,0.129746138163253,2.58871862186238e-10,9.86495948826206e-09
"335","TRIM47",618.405868074917,0.657826223291848,0.197333519252293,5.35087371613226e-06,5.64452374083073e-05
"336","NMUR2",18.6444514522635,2.64219348251757,0.29723517879978,4.13263846625819e-21,2.09004795922126e-18
"337","CHI3L1",8489.34156806749,1.04094995690047,0.452261545091747,8.34343241219369e-05,0.000574171287851324
"338","IRS4",41.87173366748,0.580597520732444,0.492835147884974,0.00271781076270375,0.0105440543283007
"339","BEX2",156.736571264518,0.531676072071555,0.168591027380326,1.05727769650602e-05,9.99052640342564e-05
"340","PDZD2",2059.97736111385,1.57623417328431,0.310630230787059,2.69592069969089e-09,7.73896783905617e-08
"341","MICAL2",2027.32297344478,-0.785535255081597,0.188381290444965,3.54846397474166e-07,5.48572376947131e-06
"342","RRAS2",529.819395888058,-0.533281613433688,0.0698482854198696,4.4366396824977e-17,9.80111575076992e-15
"343","LOXL2",499.571709676646,0.934650389882827,0.536684860533648,0.000322344737613841,0.00178867886255834
"344","BHLHE40",2355.09480923325,0.990238300883576,0.315800504478454,1.24676720731959e-05,0.000114900075823292
"345","CHL1",4833.30692997724,0.97452902670334,0.221009969981055,2.12108499524741e-07,3.50669182023388e-06
"346","TSPAN2",20.8030232861491,-0.888360272790725,0.392113025875686,0.000124464104559203,0.000805878736946856
"347","PTPN22",62.5783722383369,-1.85192174184226,0.369014061541309,3.38540053265717e-09,9.4702783599712e-08
"348","RSAD2",90.5897628271819,0.526741235594475,0.300370547224232,0.00108559276427667,0.00493077786229718
"349","DOCK2",46.3110723010167,-0.725196890675325,0.208372084223518,3.71875768470713e-06,4.14445778474159e-05
"350","SOX5",579.147448158181,0.655608903195772,0.193499617583682,4.33936945206251e-06,4.72488893600983e-05
"351","RERG",8.45972743333248,0.717597317295936,0.474501767337584,0.000941685029191508,0.00438963452598353
"352","C5AR2",6.51356740032095,1.47455650886673,0.740986109239996,5.70752334912815e-05,0.000414087474587151
"353","TBX3",311.368878055356,-0.675294277926054,0.29689323120844,0.000174185534008563,0.00106332002198339
"354","HILPDA",1071.71070847103,0.957442913052811,0.608695304077635,0.000396672483740807,0.00213354928357838
"355","PRR5L",263.311100582676,0.515073768151388,0.16708374368931,1.47908943444668e-05,0.000133406865380301
"356","PRPH",150.726143075827,1.01350587594612,0.233410058925832,2.68411082012692e-07,4.29788560103316e-06
"357","AVIL",19.1956819296042,0.539784235646544,0.288075107248435,0.000749320790972355,0.0036156685080062
"358","DYSF",21.0483801227727,0.5446052588861,0.338862105498514,0.00145333897637443,0.00631866686163019
"359","CPM",107.369119565335,-0.633290094213677,0.218463258623869,2.48494055326093e-05,0.000205523325303073
"360","FBXL8",28.5412280554754,0.747539735606804,0.392493557131679,0.000386704013272758,0.002088037291646
"361","AGT",1326.4980713636,0.862644089870407,0.262733438258051,8.78568567769183e-06,8.51909712373133e-05
"362","PLXNC1",140.300195323657,0.683572411097037,0.134163639354842,2.74800604148158e-09,7.87365715983151e-08
"363","PCDH8",66.5885625616417,2.69481702841693,0.46073420425713,1.39347593042173e-11,7.7239104026976e-10
"364","LMO7",1405.29269343991,-0.537407152553925,0.158571416361697,4.06447323157932e-06,4.47650039515633e-05
"365","GPNMB",3317.02042498177,0.514370944768603,0.325776820092098,0.0017637107049971,0.00740543312993869
"366","IL6",344.166541033753,2.31364953137467,0.330632721084564,3.05430733763771e-14,3.27864836250786e-12
"367","IL10",6.49078963847041,0.90369174935747,0.775205154207129,0.000687349648019661,0.00337106521388793
"368","IL36RN",230.717912770163,2.09248031266874,0.590945577193774,8.08062845807833e-07,1.11166985186361e-05
"369","IL36B",177.564512348981,2.62397278425875,0.425704693192498,2.92325415768509e-12,1.88810013244042e-10
"370","KLF4",129.686244729012,0.551791748992333,0.264655255674351,0.000394139292825892,0.00212217069605972
"371","TMOD1",570.647533801101,0.597110837613647,0.433913790681243,0.00189036295480299,0.0078493060528635
"372","ENPP2",41.0825170494779,1.30000755738745,0.359244601610705,1.86050517488867e-06,2.30379206992917e-05
"373","SLC22A23",2179.34892055562,0.716433330400341,0.135694110449181,1.46904606652676e-09,4.42412313409143e-08
"374","IER3",871.968337804842,1.2673791922366,0.234818034206478,1.0676684116143e-09,3.36249371864397e-08
"375","FGFBP2",10.7487508758001,2.07691787607268,0.583541786948916,7.89486812947822e-07,1.08807843487917e-05
"376","TLR2",17.5794142004595,1.06228571542677,0.382399045740359,2.74689414367219e-05,0.000223430669327616
"377","IL18BP",179.665391608664,0.599982298962963,0.116407672222487,9.72299755764603e-10,3.1005784889372e-08
"378","PI15",53.5437312142542,0.687574606390606,0.333304098269584,0.000302675959777736,0.0016962094319456
"379","SULF1",869.386789195937,0.516286461753121,0.388507469620062,0.00295343320428889,0.0113113523449687
"380","SORL1",4008.42814592715,0.692178634692565,0.136547634536751,3.39844011211982e-09,9.4702783599712e-08
"381","ARHGAP20",142.689541955882,0.527376640415956,0.212180077383177,0.000120595692213188,0.000783563570505383
"382","MMP13",34.111263648767,2.72641999980279,0.295698961324901,1.37842318505793e-22,9.13534983036436e-20
"383","CYP1B1",3616.3357907413,0.97407276288682,0.356238063982348,3.55059053163853e-05,0.000277689335422094
"384","STAMBPL1",183.512251006822,-0.591651109121178,0.245436251252883,0.000130997144640337,0.000839692798886739
"385","RBP4",12.9813942642956,1.71615899037645,0.535829233334516,3.31100396931468e-06,3.74681763209084e-05
"386","AOX1",361.067585285887,-2.79505093830523,0.435295692715686,2.97408365141689e-13,2.53262330159484e-11
"387","CDK15",3.48871379377704,-0.577249816638901,0.654069047495066,0.00296057130071358,0.0113329955642333
"388","SEMA7A",852.539867372569,-1.13885160967417,0.2320593301987,2.00305523060387e-08,4.51665249705544e-07
"389","FGF5",404.844261523708,-1.08065054825333,0.2467632536923,2.12423128058371e-07,3.50808856012323e-06
"390","CCNG2",657.883058944782,0.626299252892976,0.173794058529168,1.73588695368371e-06,2.17778805226343e-05
"391","EGF",161.192679523069,0.600154589458864,0.125027451431414,6.37256513285796e-09,1.64082787702963e-07
"392","GABARAPL1",572.9680810233,0.590836807067872,0.170963527181418,2.97180343207205e-06,3.40595486579505e-05
"393","C1RL",491.00541435511,0.859395304519651,0.119492477583741,4.80972585336253e-14,5.02155145087705e-12
"394","CLSTN3",563.728261978437,0.73553217248057,0.123580993063105,4.64384138733588e-11,2.2259771782126e-09
"395","VAMP1",319.795297118217,0.853938665935953,0.328299515026254,5.85108765752628e-05,0.000423897952298827
"396","AMIGO2",5040.50884790596,0.515911118424792,0.138299330243267,1.03232702989364e-06,1.38397193638247e-05
"397","N4BP2L1",81.3315097115989,0.654506891854207,0.18716633929586,2.85699322110093e-06,3.28921054903637e-05
"398","RAB20",167.913787394205,1.51483540172278,0.245603231805429,5.10329373378184e-12,3.1240765616079e-10
"399","ESR2",859.590533879858,0.617351148483785,0.23461837000557,6.18460543917376e-05,0.000444050592130597
"400","FBLN5",298.266719778954,-0.616909401077886,0.288360906677799,0.000284138267148314,0.00161187927284769
"401","GCNT3",8.2971134689908,1.31601623042716,0.474021762900827,1.71722586643645e-05,0.000150781531578864
"402","CYP1A1",156.008705700302,1.55230737833611,0.385216913960652,3.02842789721182e-07,4.79857863172554e-06
"403","HAPLN3",69.6243446035323,0.868820829139782,0.152338868168405,4.87852456693202e-10,1.70800859005592e-08
"404","MCTP2",256.215120340194,0.657318282901499,0.512705640066732,0.00169786091891037,0.00717158532377881
"405","NOL3",404.384689001144,0.541421643002074,0.197359892806232,4.73860122643811e-05,0.000353015425897234
"406","ARSG",75.8237696123447,0.690433094391191,0.221806201382435,1.25064158433234e-05,0.000115187490453038
"407","CCDC40",45.2128378712292,0.500399015758991,0.203306056434994,0.000146243453902834,0.000921914378759678
"408","SECTM1",121.501019158467,1.01740454699445,0.119542286910655,1.32888837167294e-18,4.05124908988212e-16
"409","STAC2",56.400414423387,1.7128164562781,0.412409630437613,1.63219243995733e-07,2.77983344829828e-06
"410","IGFBP4",396.150526890567,0.527298124541908,0.0922223898664122,3.01178512075135e-11,1.52015366210639e-09
"411","IL19",12.5958585617089,1.44418100094281,0.59892006746379,2.96210096402373e-05,0.000238139794275389
"412","CASQ1",2.42428328952983,-0.556467705135989,0.68160521545945,0.00301808289997722,0.0115126720831713
"413","RGS16",602.206148988937,0.509691301840345,0.225674772196412,0.000270079809911419,0.00154767915130818
"414","TUFT1",726.666875696473,-0.681589676519408,0.131606990715003,1.75229305589322e-09,5.21683653339459e-08
"415","ADAMTSL4",43.4685713014818,0.848641368459476,0.172035886814937,1.94545847975914e-08,4.41289041770367e-07
"416","CTSK",150.703535037614,0.66391192228968,0.133724518087703,4.43917503619939e-09,1.19130889219696e-07
"417","EFNA3",64.2018721760123,0.990278398424799,0.299624746699503,7.84573457519571e-06,7.7556765324065e-05
"418","ITPKB",4142.26316858951,0.714673686397043,0.0921256760163209,1.96943347215397e-16,3.61687643566783e-14
"419","EPHX1",1167.66055885675,0.517128999805496,0.179148530645494,3.06451660266334e-05,0.000244952420421591
"420","PPFIA4",159.807565753421,2.41649559774666,0.453620850851306,5.13003543976775e-10,1.7772075047359e-08
"421","PLEKHA6",178.588609863641,0.543973043237344,0.273546941671361,0.000535256562030677,0.00273056083501794
"422","RHOB",949.505034647961,0.64861004892764,0.177848759455529,1.55609765464863e-06,1.98656587519339e-05
"423","SCN1A",36.0273122931268,2.56404116731455,0.29898455575112,8.73186795635383e-20,3.50262798049214e-17
"424","TMEFF2",378.174161341031,-0.805243775937402,0.185896337343667,2.04116216300357e-07,3.38557506536054e-06
"425","MARCHF4",315.384982993941,-1.16774116994885,0.120941693346491,1.46924773726331e-23,1.17872332942656e-20
"426","GRIP2",4.09317591250496,0.523705171169901,0.632682739607067,0.00387460819531958,0.0141632260722437
"427","ITGA9",225.009357699858,0.783254488457264,0.493647190646103,0.000663615518126647,0.00327150431526665
"428","PHLDB2",445.586669658955,-0.639576678640513,0.100840311994656,1.24975549503752e-12,8.86047581900325e-11
"429","BOC",1574.7993348095,0.831808581979404,0.240172586880256,4.91089382846296e-06,5.2274269991104e-05
"430","AMT",17.8431352306921,0.53090114292791,0.380823505016422,0.00244044016965626,0.00966977632078774
"431","EPHA5",346.591286859241,0.778366078449212,0.100430077820081,4.76462231854504e-16,7.64496189490337e-14
"432","DDIT4L",87.7584041158971,1.73103599647836,0.378270906351532,2.76136003736822e-08,5.9535234865069e-07
"433","SFRP2",366.838688000481,0.768776924161828,0.0739343574009595,1.99244161965539e-26,2.53089896736726e-23
"434","CYP4V2",279.644062971834,0.55914724151579,0.122899963977101,1.99726217049716e-08,4.5131871399328e-07
"435","HAPLN1",24.7976769424767,1.12557367266182,0.494789938494512,7.35095388708367e-05,0.000517077019385401
"436","CRHBP",13.8914044071832,-0.659141366855325,0.429382440133033,0.00110898732763008,0.00502058028959467
"437","PAM",4951.32982626902,0.532354886557523,0.0821894122906192,2.20380681371557e-13,1.93061076215324e-11
"438","C1QTNF2",38.3325643807168,-0.595820919543919,0.267659498212668,0.000230271735279359,0.00135313495021714
"439","DAAM2",87.031845492967,1.06940686554098,0.354824242761151,1.5202322827124e-05,0.000136793982794482
"440","PRSS35",32.156789173508,0.517241450649793,0.418589063282679,0.0034329999162399,0.0128100900179302
"441","PNRC1",546.754117854462,0.96793373421427,0.132189487668156,1.96205176710899e-14,2.21044167198184e-12
"442","PM20D2",739.94614240292,-0.654206991729338,0.0950778317857863,4.28735839946225e-14,4.53834750576411e-12
"443","IGFBP3",11682.8915208023,1.89146114344062,0.158102678423576,7.49715260050145e-35,1.42848871361804e-31
"444","SPIN2A",7.31681878266231,0.687240095705012,0.510942215676324,0.001379182102521,0.00604279183349458
"445","CCDC120",87.2499995154997,0.643938901497374,0.182225494248839,2.40495442822581e-06,2.85726581055698e-05
"446","NSDHL",1300.8506885059,-0.627047578401014,0.0793786691954577,1.39480139921478e-17,3.48540290626737e-15
"447","ZNF185",512.558872932545,-1.10471209489992,0.336059763285402,6.99345143597692e-06,7.07373458782988e-05
"448","GNRH1",13.4923320620347,0.655154384965586,0.312826196447922,0.000297721958799707,0.00167336866444835
"449","MAL2",68.8808315342351,1.36103876060668,0.18773708020017,4.48993135183757e-15,5.70333529967167e-13
"450","VLDLR",545.060707549708,0.870667443137693,0.233312443550027,2.15715567347713e-06,2.60344607528202e-05
"451","PLIN2",1747.82861593558,0.889296356033219,0.136885430757254,5.28698090404596e-12,3.21073505658855e-10
"452","CDKN2B",513.88401729964,0.736021471881664,0.204270523211822,2.46799537181852e-06,2.91173788333047e-05
"453","NTRK2",3983.30259557189,1.87704293060364,0.353777989894147,7.8585091397706e-10,2.57606999607577e-08
"454","GSN",3879.9913478791,1.05824355849281,0.18134535174395,2.25046002089454e-10,8.75095971900396e-09
"455","CRB2",843.989548127956,0.547331661670016,0.485565982411249,0.00338428040794918,0.012659284971379
"456","PTGES",78.8198066947778,0.770142843130133,0.19944833588666,1.07727524671027e-06,1.43916797419848e-05
"457","HMCN2",54.0078234943605,-1.34080534928843,0.2069672773835,1.12058755187983e-12,8.05713021382276e-11
"458","PROSER2",8.72450516662798,-0.762511562267659,0.458695835966472,0.000616163840366118,0.00308041502745186
"459","CDHR1",68.1063816991295,-0.527024376486805,0.240266976046524,0.000308795873355901,0.00172591842873923
"460","ADM",1756.81628605399,1.15820054683654,0.46255091652982,4.2497093419093e-05,0.000322440614727344
"461","JPH2",302.390903256314,-0.618026318471855,0.332591765937071,0.000608862312454197,0.00305091657749485
"462","LYPD6B",149.154243670544,0.536785933525906,0.547293345221936,0.00392851651671684,0.0143088117716403
"463","VEGFC",216.208504602117,-0.651326658939823,0.145537453072288,4.34925285226965e-08,8.82765129522586e-07
"464","FREM2",3004.16417781983,0.93196439297608,0.590454211297193,0.000424527186104985,0.00225315734603005
"465","ITPR1",990.35591909899,1.13609275359106,0.214849807884529,3.21986144970802e-09,9.12274127841997e-08
"466","PRSS53",70.8616787201874,0.765781514792377,0.437906850743655,0.000514302290181944,0.00263986732782025
"467","GPR158",303.595778690101,0.597713511688187,0.308515658929734,0.000523628028205588,0.00267930917554138
"468","ANK3",935.98719383853,-0.699531869714201,0.108028178845121,1.24163511722433e-12,8.84403929525725e-11
"469","MAGI1",1490.37823074969,-0.543128636653572,0.107686670936807,1.47151507510618e-09,4.42412313409143e-08
"470","CCDC3",85.9524643236244,1.2208514957052,0.176889638466731,1.13705855222589e-13,1.09222208861366e-11
"471","ANO4",100.183800301889,-0.818088303109127,0.16410496739101,1.33028828566564e-08,3.11865545836249e-07
"472","CCDC175",8.12414422848648,0.549892977382229,0.409561998868267,0.00246236298654276,0.00973386903627367
"473","KCNE4",992.929316288094,0.888773073584281,0.157795785137609,7.55844085103443e-10,2.48840850739347e-08
"474","PTPN14",3645.39547098645,-0.63662080708423,0.107842636610735,1.852717971048e-11,9.87446854289674e-10
"475","PSTPIP2",127.357373046219,-0.586324243452328,0.145743024079463,2.5978461984818e-07,4.1992544648418e-06
"476","PDK1",790.497759329609,1.01823385097364,0.325008646700819,1.21045882861465e-05,0.000112300815122173
"477","PLEKHH2",415.415851086439,0.673307587026733,0.167153996750523,3.60676886042428e-07,5.56457264569304e-06
"478","SPARCL1",964.212308943373,1.45414415642505,0.191823895101258,2.63367100110846e-16,4.56193716703366e-14
"479","PLOD2",5328.063252406,0.858930062086659,0.219889334411496,1.1718411701725e-06,1.5519005175447e-05
"480","CLGN",349.172744824436,-0.783839460850684,0.226583200493559,4.60041627534214e-06,4.95927477263368e-05
"481","MERTK",253.212250600065,0.565797323360551,0.163150675130786,2.81667609025899e-06,3.25262073059225e-05
"482","NR4A2",103.628235943262,0.867877647181923,0.25779838279844,6.85257545437302e-06,6.95894787814843e-05
"483","PLA2R1",841.769298973744,0.658529640586537,0.130297917110709,2.68158908992721e-09,7.72693052887722e-08
"484","C16orf89",6.73914768472505,0.642994998332998,0.502813116550873,0.0018109563443707,0.0075649239674548
"485","PTPRD",2060.17239923524,0.563459934337999,0.510989142802127,0.00318850831626162,0.0120750924097914
"486","ABI3BP",138.369910261981,-0.861492213449755,0.171276005935206,1.31938937034937e-08,3.10361916238201e-07
"487","PDE1C",552.798255099147,-0.815125151933756,0.138940419964932,1.52575118562553e-10,6.30168076820877e-09
"488","JAM2",956.90531841833,1.16202090943876,0.170246395093899,2.70493684176454e-13,2.34269047039869e-11
"489","EPHB1",76.7851628864142,-1.50679847356888,0.220039050682256,5.3712027324432e-14,5.53197589531296e-12
"490","DKK2",70.9529870188263,-0.754929957452573,0.440144071218577,0.000568274174738303,0.00287303590233365
"491","DEPTOR",85.6488028701614,1.08031786542958,0.407309594489311,3.56164965750665e-05,0.000278268712093152
"492","ADCY8",61.3251222385849,1.88563037491771,0.299672133318263,2.60706156894825e-12,1.72032205608131e-10
"493","GRIP1",172.861161048819,0.935264035516213,0.18405931950477,1.23575983686637e-08,2.92495142753944e-07
"494","MIDEAS",1562.21419413017,0.540162050822983,0.202077305286437,6.09210658052629e-05,0.000438856241053697
"495","WIF1",8.00057766107441,2.06670602548945,0.546961995740103,4.30912220550016e-07,6.53571639586457e-06
"496","MAP3K7CL",256.549058621135,-1.03796748822708,0.170912657701681,6.08289673242733e-11,2.80125664327461e-09
"497","TSC22D3",498.417756447566,0.767533912153881,0.142521894359122,1.36304086832006e-09,4.16108267481985e-08
"498","ETS2",734.412686487398,-0.623550469679175,0.118861460733805,7.05517945539638e-10,2.34296515116791e-08
"499","PALM2AKAP2",5064.0536826342,-0.502161449933314,0.113301489576343,4.2147113863465e-08,8.61190960617691e-07
"500","TNFRSF14",240.650215831534,0.552580513601921,0.126498158977899,4.90286868832199e-08,9.83347729159106e-07
"501","GRHL3",19.0359479573867,1.53957663248694,0.495208977568288,5.35729078130364e-06,5.64738474269788e-05
"502","RHPN1",124.410339912283,0.752578559225017,0.249434661110743,1.84168912548168e-05,0.000159504928066576
"503","XDH",51.5695447946632,-0.89708657524402,0.247739479360616,3.16114076006392e-06,3.60398418890459e-05
"504","ESYT3",43.5841175629284,0.551766844345009,0.271218861062993,0.000457040652074077,0.00238899893952445
"505","GPR153",489.772042282377,0.546406315992141,0.126121028395143,5.85898274030697e-08,1.15088239575385e-06
"506","HK2",1421.83717788483,0.727826644410662,0.487267726098625,0.000938513091187724,0.00437886594703841
"507","C1R",3049.65133026095,0.959655063064212,0.130495768154881,1.58863922562424e-14,1.82072388843536e-12
"508","ABCG1",157.401732488579,1.88019088826051,0.225892009568299,8.87962640158482e-19,2.76228867835423e-16
"509","PDE9A",328.203365937803,0.813097610741833,0.20479152995663,8.33224143580763e-07,1.1421614766728e-05
"510","ADAMTS13",28.4238831711891,0.680069900129915,0.272101629185238,8.99010455887565e-05,0.000611768588352417
"511","PAQR6",89.8220926330427,0.710050994371537,0.217077114599371,7.49579915978837e-06,7.49235846509207e-05
"512","GPATCH4",1279.34769197509,-0.586788498371444,0.129288910572014,2.25225596031179e-08,4.9755271888453e-07
"513","MRNIP",328.07206407567,0.500625050248854,0.164898379108462,1.89548180333304e-05,0.000163420979231932
"514","LRRC56",13.4020774640264,0.647636774394061,0.37061283608119,0.000731189433134244,0.00354726942369996
"515","PLXDC1",176.570501186657,0.579275497416487,0.518809239190716,0.00290999633047499,0.0111786981011669
"516","CYGB",230.169559697696,1.39291258620565,0.0909467331251888,4.60320040182004e-55,3.50832918624715e-51
"517","CXCL16",305.068901752682,0.600542710574864,0.15637903206673,6.02891998780507e-07,8.65337357571682e-06
"518","FGF11",52.5069580450262,0.936092907578691,0.755385797288561,0.000598174826360661,0.00300689277496109
"519","SPSB3",127.640616175528,0.608326982456867,0.151211397495748,2.76142327550385e-07,4.40757853282777e-06
"520","BEND5",45.0019844007507,0.676131182642972,0.318821059930659,0.000265884543276,0.00152996530507968
"521","PLPP3",1898.25673669184,0.664773882948821,0.157417331629071,1.48702135310197e-07,2.58456858441657e-06
"522","AK4",580.499749072654,0.757706284148589,0.572643438205294,0.00108343078625325,0.0049238925089023
"523","RBP7",57.3957292394761,0.799848486196501,0.200569026371948,7.48617802010941e-07,1.03455858169109e-05
"524","DRAXIN",908.828967921303,0.969417056398955,0.159259101560058,6.52105125090992e-11,2.97605940771317e-09
"525","NEXN",153.077496562428,-1.17079536532046,0.160726687122814,9.70134959988909e-15,1.1736323170723e-12
"526","NTNG1",1269.42487046938,-0.727367904749514,0.112074793980578,1.64197770370655e-12,1.13766664261813e-10
"527","GBP2",566.126306721453,0.671480673023259,0.272682347358044,0.000101107864240062,0.000674480163943659
"528","VCAM1",267.027689470584,1.27414365729837,0.151691796518645,7.20844898574727e-19,2.33783804020736e-16
"529","CADM3",1123.69642382631,0.911209290602886,0.278859726375307,9.21034624683615e-06,8.88565239496984e-05
"530","SLAMF9",51.7097036591572,0.883394873027187,0.3636144482807,8.57308395818558e-05,0.000588116646150417
"531","ATF3",172.906223270001,0.7949550788378,0.235698166040999,6.24028175953277e-06,6.39251443955363e-05
"532","SNED1",967.378715672365,0.78093658472544,0.173827229780168,9.40207076943879e-08,1.749887237345e-06
"533","IL24",28.1729016553287,2.59478216336064,0.78223076315133,4.5897755877886e-07,6.89280288518835e-06
"534","ACTG2",1453.61222078469,-1.03457784127542,0.131384526480466,2.30815126393599e-16,4.04404019726165e-14
"535","SLC16A14",65.7772487876954,0.865017386926859,0.296004675863152,2.47187456851679e-05,0.000204553659326283
"536","SGPP2",148.197037781216,0.798509239613232,0.29700443625541,4.87231699220319e-05,0.000360527805398802
"537","TGFA",9126.50995582585,1.72888948626116,0.176890601126188,1.09817057814951e-24,9.84671418984296e-22
"538","GPR155",772.384377440505,0.667182654308203,0.173273615570475,7.32414365592727e-07,1.01677524360018e-05
"539","PBXIP1",1128.21166413726,0.646714548946908,0.107317346871642,9.94587696786756e-12,5.65690308288079e-10
"540","ANKZF1",383.22675753884,0.700179547097156,0.205702956327161,4.57725322867908e-06,4.94479595781398e-05
"541","FBLN2",47.4867100041148,1.41858924327558,0.26073417486893,4.95028464829854e-10,1.71884257161765e-08
"542","AIM2",14.8734871884698,1.29428089618234,0.367782070834247,2.54531316287993e-06,2.98447758013683e-05
"543","ADAMTS9",3134.92686953964,0.818635896314946,0.332286130226133,8.69186277217606e-05,0.000595213327085687
"544","TIPARP",1758.56373625617,0.634616545068257,0.0511573390394268,1.79029689345823e-37,4.54824925783063e-34
"545","RBM47",342.186472880639,0.887507786095553,0.147708937180317,9.67369716382862e-11,4.18909562125681e-09
"546","TGM4",8.38992720742844,-1.77349178052212,0.387413122457275,2.70614534722329e-08,5.85103170606023e-07
"547","SLC6A20",53.2733303026315,1.52627866897494,0.652273763990715,2.89038203168897e-05,0.000233606009061691
"548","ARHGEF3",2388.56137182922,1.02442355916918,0.184242407300208,1.11077651840783e-09,3.47670769406377e-08
"549","SPRY1",2483.44114265091,0.863219579327332,0.149672285869315,3.38557430728128e-10,1.2586904674607e-08
"550","GRM2",57.3730508623238,0.572923056830967,0.339400559427287,0.0010761317262363,0.00489788256477581
"551","SAP30",571.236141750703,0.568823494731837,0.194282055863855,2.29806837791679e-05,0.000192999759143722
"552","HHIP",175.043628448924,-1.16133833194736,0.16811860427312,1.53344028675771e-13,1.41823488310364e-11
"553","ANKRD33B",133.226097235809,-0.641174679138148,0.244540000587301,6.27974811369149e-05,0.000449822370756576
"554","ESM1",23.3079506797518,-2.57904069799916,0.899398248884904,1.15376172816136e-06,1.53328596533248e-05
"555","FABP7",3852.80453911951,0.635250077974876,0.489301404916596,0.00182142249844227,0.00760447634723514
"556","CREBRF",317.413085338408,0.548842328556126,0.156593495868511,2.45961011116177e-06,2.90634394763092e-05
"557","GPR85",31.6005591958951,-1.02032865284097,0.470114966214304,0.00011464123283043,0.000751279583849634
"558","SLC29A4",226.212762578091,0.662480291171425,0.196083157727732,4.57153648148307e-06,4.94212273668414e-05
"559","STEAP1",286.251422202798,-0.858428817460847,0.308593612528828,3.63161554925839e-05,0.00028272071408246
"560","FNDC1",21.5245285571546,0.570142862455032,0.391794104860514,0.00182449731870056,0.00761522799259383
"561","DLC1",441.710381889454,-0.626033320597035,0.252852739895793,0.000101369034585912,0.00067533574921025
"562","TNFRSF11B",77.9341452120988,0.766532540873345,0.325953606393943,0.000124505965066578,0.000805878736946856
"563","PHKG1",27.2905578014675,0.871411320234358,0.352820187436274,7.93052926484433e-05,0.000550478404298826
"564","GPR146",21.611681914444,1.03841925317916,0.57797501794816,0.00022185695060339,0.00130923944949573
"565","CTHRC1",1418.86371367807,0.813328166163327,0.0995999416089881,2.48110998955759e-17,5.81839378012714e-15
"566","C9orf24",4.07365657560223,0.985322857256059,0.795210386753833,0.0004965430707246,0.00256830879777912
"567","ABCA1",4110.93442907608,1.64362211295004,0.13200566990431,8.63027969599022e-38,2.63102706811958e-34
"568","NFIL3",255.427745918168,0.518343113117741,0.175825167527111,2.42866050555428e-05,0.000201305449081914
"569","MAMDC2",366.478596896859,-0.996985611983962,0.207965916108208,4.44143670153638e-08,8.99081270139695e-07
"570","TMC1",52.6782086517741,0.833310713149406,0.289629007920049,2.83974528707262e-05,0.000230613944650229
"571","RASEF",424.933671153973,0.63662471818882,0.341186885533215,0.000566701893516737,0.00286698870324448
"572","SKA3",815.860308912271,-0.685215940624133,0.0814732869939448,6.39561261971267e-19,2.16640718138401e-16
"573","DEPP1",99.2652588410601,2.64015046254385,0.421175471276306,1.46488014865264e-12,1.03375778268112e-10
"574","TMEM63C",151.854733940901,0.606772188315621,0.277752452847138,0.000254534786225433,0.00147299686652782
"575","DACT1",105.752547809108,0.80456767854689,0.218067792830136,2.20449676631364e-06,2.65637503627816e-05
"576","COMTD1",39.814557545893,0.576035009133438,0.289184021050742,0.000479154909939004,0.00248935183783239
"577","FRMD7",8.54958786116218,1.93480820478775,0.633870097149247,3.38280440740994e-06,3.81673483213543e-05
"578","IFI27",369.125292924602,0.571631617723258,0.154909579067365,1.10706151490457e-06,1.47637258719951e-05
"579","ABTB2",345.489607910159,0.605023852198464,0.168648133884869,1.76966218717556e-06,2.20563865242168e-05
"580","TCP11L2",123.134482896418,0.940055488853006,0.175309413569618,3.25367162024944e-09,9.16741525091724e-08
"581","SPINT1",263.142231801745,0.824298582690786,0.2250684488511,2.52348901839233e-06,2.96698202531581e-05
"582","C2",109.908121283898,1.39080547847793,0.228581990270949,1.17961482076309e-11,6.63500690512614e-10
"583","TPP1",3280.96688786612,0.703585118945783,0.130989133585406,8.0160103567261e-10,2.62206107011966e-08
"584","CRABP1",38.8161060091847,0.702497665084572,0.394172906231449,0.000574821791990748,0.00290228836545709
"585","NNMT",811.87683913627,0.832621586018829,0.126164280435537,2.21215659989663e-12,1.4920311085055e-10
"586","YPEL4",29.1107278181974,1.22759509517155,0.377073663090196,6.08673114420949e-06,6.27316043483335e-05
"587","LDHD",12.5002798983913,0.735098643589803,0.400431965430181,0.000466080823287743,0.00242721899192862
"588","ANPEP",2810.4992543321,-0.886202997638954,0.194981265082369,1.1390100493644e-07,2.06443878507272e-06
"589","C15orf48",43.7799633416023,1.08783217128714,0.550186847921639,0.000142517558166102,0.000901034898019863
"590","NYAP1",147.839598355893,0.766346843927695,0.157528251041637,1.676240510602e-08,3.86549683859398e-07
"591","PRRX2",32.5235010795732,0.772795095764473,0.279070791206869,3.91554867498551e-05,0.000300981888314696
"592","GPRC5B",4083.78676815837,0.708542819661165,0.155060402321309,4.23288438584781e-08,8.6374640821256e-07
"593","FN3K",264.800050104762,0.731940645700522,0.10842998028121,3.25349057123874e-13,2.73994236339183e-11
"594","PRRT2",216.495091572595,1.02359193654932,0.242989003611082,4.28420446774079e-07,6.51088022948882e-06
"595","AXL",6566.49490799336,-0.570202072939038,0.188069295387012,1.5595237450858e-05,0.000139587906320275
"596","CDC42EP5",19.2962326569511,1.00219712472072,0.397627453168902,5.59076868881177e-05,0.000406972717877545
"597","KIFC2",555.573198815348,0.674768967127259,0.0951808907284443,1.39126593469395e-14,1.60659595776817e-12
"598","ANGPTL4",200.629158404897,2.76008823950696,0.578990750895143,2.48267501104475e-09,7.23583464500099e-08
"599","RAB26",41.236318088317,0.70357963298263,0.205839950095191,4.38628232566583e-06,4.76550972844792e-05
"600","CASKIN1",98.9414697531353,0.891788938941469,0.424721027498351,0.000178219123268658,0.00108317148962686
"601","VWCE",15.7390249617737,1.00347034414249,0.442686694952883,9.73881818167967e-05,0.000653096372825971
"602","ENTPD3",44.3014159068422,0.742078001555647,0.319808043711255,0.000139871389483814,0.000886142805445463
"603","LTBP3",1136.353857775,0.918381210792345,0.1156069827332,1.9136008678825e-16,3.55719732062597e-14
"604","VASN",177.517107887359,0.626771163575305,0.275387760320102,0.000186963981251416,0.00112911726078262
"605","DDIT4",807.287519761958,1.64523128940188,0.414174128007848,3.39506026348665e-07,5.2753214675155e-06
"606","FAM107A",3707.42084763208,0.649791967733355,0.127151267061711,1.8464990645522e-09,5.4759115254804e-08
"607","BDKRB2",114.255756715151,1.6902367777425,0.269315802017253,2.36157606384695e-12,1.58579312516383e-10
"608","RHOH",60.8547005375269,0.519283248954611,0.238747795626773,0.000336611114028875,0.00185769848339687
"609","TNXB",74.9130328860211,0.507289143037774,0.341690865319053,0.00225545460286491,0.00908559580112838
"610","CAVIN2",305.082525665276,-0.789785659516927,0.209782160538649,1.62902416839634e-06,2.06507918285927e-05
"611","GBX2",19.3055490154623,-0.562411142247976,0.480273295864134,0.00299210047700383,0.0114278595767901
"612","GFRA2",6.34968751319093,0.987821692160708,0.709099184223769,0.000450055545271932,0.00236070085222989
"613","IL7R",435.814392540402,-0.651401974622149,0.216986682248358,1.75253542268317e-05,0.000153088237524124
"614","INPP5D",42.0317963926714,0.597242676885406,0.22941174461322,6.92315258087599e-05,0.00049037925088426
"615","EFNA1",74.6156615322146,1.08490157025054,0.247464268702114,2.06903546115549e-07,3.42807690591229e-06
"616","ADRB2",54.3082480531528,-1.26426384102362,0.51722246515337,3.90766725149147e-05,0.000300527608044826
"617","SHE",95.3991891613094,1.24778765388451,0.225371505191018,5.40508525580789e-10,1.86402069127329e-08
"618","MT1E",97.3235190842321,0.638571713444924,0.345863882722746,0.000591946834385452,0.00298085417791128
"619","LDB2",661.170444780682,1.23295426999178,0.156252089640359,6.22023440813341e-17,1.28128423085375e-14
"620","P2RY1",326.050977919982,0.586099258312031,0.15585550306066,8.28077621600263e-07,1.13612845959071e-05
"621","MYO7B",8.79501940490236,-1.33392853300344,0.757285853836534,0.00010968888326171,0.000723178048251837
"622","FAXDC2",120.160181064384,0.648893603564701,0.222192946658976,2.32138459391762e-05,0.000194636223130288
"623","FOS",147.280679967694,0.674581393201495,0.212974829358923,1.00897658216439e-05,9.6121568869505e-05
"624","TCAF2",219.04631043601,1.24655868273427,0.304789346086686,4.27531297143214e-07,6.50385185863674e-06
"625","ZNF804A",297.907154213114,-0.612783495932567,0.0953783580802039,5.18747204661575e-13,4.22848323029753e-11
"626","KRT75",28.0528236984646,1.32409039511371,0.259492727569238,4.06631272580224e-09,1.11080295482802e-07
"627","PFKFB3",2514.13469912245,0.737440806287625,0.120058808102142,1.55962373546209e-11,8.4904802141602e-10
"628","PKHD1",15.258391974863,1.13192124134267,0.563295995710931,0.000121093090307438,0.000786125202536743
"629","HAS2",3808.2926237608,-0.728423311911444,0.181487896131801,5.04552128460462e-07,7.48140865187046e-06
"630","GIMAP8",16.1520452471555,0.930897827265049,0.585860535321407,0.000419083381304609,0.00223125671715898
"631","JUNB",711.613246151959,0.629073799707907,0.136136866340555,1.87084290781045e-08,4.24996400055957e-07
"632","NPTX1",471.190408430773,1.16923477176178,0.265008902201551,1.52628079193951e-07,2.63411855651426e-06
"633","GAA",978.422536413953,0.638401405640478,0.119594430071219,4.88546706858479e-10,1.70800859005592e-08
"634","APLN",243.729456438829,1.46031235914079,0.405673054270381,1.49889005004131e-06,1.92806590993921e-05
"635","LRRC8C",573.272223525488,-0.724134276340966,0.0956396878838223,9.25813087934467e-16,1.35693931724857e-13
"636","RRM2",5230.50044995582,-0.61886921521785,0.128964237375178,7.20032004924934e-09,1.82316409486225e-07
"637","CYP4F11",67.409786744999,0.513452728302594,0.22293190952325,0.00023079766518098,0.0013551805895045
"638","SCG2",18242.8720557879,0.590959498912237,0.279813136108111,0.00032641791218543,0.00180798991113463
"639","GAP43",6639.69199546925,0.609278491569441,0.165040693505832,1.15877237162616e-06,1.53860341992139e-05
"640","LRRC15",301.208043386335,-0.731432359891091,0.216712002833129,5.46917011261206e-06,5.74149862441774e-05
"641","NEGR1",45.6969606481274,-1.79018132531492,0.20925286480899,9.9441269954357e-20,3.88662378952375e-17
"642","SPTLC3",681.919243738004,-0.51974875031743,0.0721111394998984,1.2304714336922e-15,1.75290430502525e-13
"643","RCAN2",331.338293556517,0.856549970666507,0.552899083117081,0.000559713926470505,0.00283634287938494
"644","CARNS1",22.092777655137,0.926418073000514,0.439946307192181,0.000162458972184895,0.00100788038787723
"645","RAB43",220.893580460561,0.714736496641572,0.267345309793147,5.23850825770219e-05,0.000384822078901949
"646","SYT12",67.129464086501,0.949541008858658,0.287026674507475,8.05299207995861e-06,7.9297001469515e-05
"647","SLC2A14",28.1953579354339,0.804766523742276,0.49699659113894,0.000585268540396212,0.00295014826761225
"648","PPP1R3B",1011.78545879509,0.821506424011759,0.144680017086112,4.41748386493592e-10,1.56231337710483e-08
"649","MST1",79.2462954367056,0.552198873534748,0.28848710499122,0.000641846779533905,0.00318582561394833
"650","SULT1B1",3.28078582950652,-1.00800775828413,0.827245655055759,0.000455338183724247,0.00238103599811619
"651","SUSD5",383.776258523068,0.535494599063722,0.177998500718408,1.8243422875834e-05,0.000158182306539442
"652","CD7",8.22648519754341,1.32782259812872,0.777063379091238,0.000118653755171893,0.000773583913637792
"653","HAP1",290.851565563193,0.795299524622219,0.193574994653282,4.67984978910515e-07,7.01425273700391e-06
"654","C1QTNF1",74.4476061493107,0.785408145028822,0.203904165467256,1.1752732387528e-06,1.55388416948509e-05
"655","CTSF",634.25600068978,0.984437483633433,0.15237302520547,6.57151742946021e-12,3.91287656942429e-10
"656","RGMB",2589.88710146493,-0.561905693387488,0.080241453564866,5.81399330423921e-15,7.20509755581449e-13
"657","CHRNA9",1043.75632956993,0.99602576841506,0.114891136221863,3.73426795583638e-19,1.2936692375185e-16
"658","MFSD4A",39.7559444708639,1.12798787272576,0.368507322382744,1.21697277104883e-05,0.000112767878110014
"659","TTC9B",27.1293877932926,0.642958719468392,0.432402095903746,0.00128980516096967,0.00570531052485799
"660","SEZ6L2",1278.78898560627,0.805449957441861,0.144081382250273,6.32290771385163e-10,2.13703064927362e-08
"661","TEX36",17.3650849560635,0.721328196464956,0.483183971603101,0.000961455033555401,0.00446812776722103
"662","SH3BP5L",673.329517820345,-0.504872276403017,0.142691904191589,2.48831028700217e-06,2.9321012430034e-05
"663","NRIP3",492.027965014001,-0.951866069330137,0.211574741294694,1.49351861320817e-07,2.58990060371108e-06
"664","SCUBE2",108.820929074574,0.698887602459471,0.302605934620985,0.000152745122909804,0.000958145641363845
"665","LPL",2223.91052638832,0.828781048531426,0.220799542650723,1.86831200878279e-06,2.30950851866187e-05
"666","SFN",51.7850926279833,0.819290138713293,0.334716245525686,9.04427575659511e-05,0.000614034300143141
"667","CCDC168",51.1300279209122,-0.61999792501784,0.251138377130878,0.000104409282352124,0.000692262153498662
"668","A2M",586.508416688427,1.29614140565074,0.442541798550646,1.24067076114963e-05,0.000114545998862531
"669","ORAI3",193.651003846289,0.675967131824741,0.134238764906468,3.46164236420552e-09,9.59378446501542e-08
"670","NUPR1",186.398391767138,0.654853577412642,0.195078106514896,4.87315309647494e-06,5.19450857689283e-05
"671","RNF152",131.274989392799,-1.01717842756951,0.209278318666253,3.27007798002837e-08,6.94231178963405e-07
"672","SIX5",244.972226446762,0.557127644691906,0.113759393088568,3.27224534263033e-09,9.20273722467051e-08
"673","EPS8L2",379.96484050364,0.679011698678325,0.196583639385211,3.59721265908483e-06,4.02882531685747e-05
"674","RIMKLA",125.14246940134,0.589393923046521,0.218081519708212,4.99085574194961e-05,0.000368226592809961
"675","FAM20C",1130.21356720842,0.802578811100995,0.189093093911532,2.84946401490369e-07,4.53386012308736e-06
"676","LRRC75B",75.4969832209396,0.761732541394256,0.190611434830211,6.27457093921338e-07,8.95536374779303e-06
"677","CALHM5",171.454041670734,-0.962832168785042,0.340655655688715,2.87660918786407e-05,0.000232739670120021
"678","ZC3H12D",5.71151747190289,0.619289500506431,0.525747282720713,0.0022678299956508,0.00911821661018121
"679","SHISA3",26.3519482956554,0.646843378169031,0.495244565688719,0.00171601518834424,0.00723174440584221
"680","P4HTM",781.97794757278,0.501734559379123,0.0785057082749565,4.61164816907591e-13,3.79974881303914e-11
"681","ERBB4",7.82036584610617,0.683407039832932,0.509623756311475,0.00140826901917411,0.00615195127115841
"682","THBD",7.96555990443914,0.772916871378926,0.551047528821631,0.000922627662925063,0.00431002557951785
"683","PER1",274.257880973574,0.580201724175472,0.120379404770807,5.2420137410446e-09,1.37292122774472e-07
"684","FUCA1",349.086598038985,0.515786409933311,0.173575146650123,2.24805288879813e-05,0.000189594752382861
"685","HLA.DQB1",15.4378149394325,1.01307770280884,0.678185609154924,0.000372987756003877,0.00202662351954758
"686","GATA2",76.4656622181877,-0.78487850804133,0.366215033913973,0.000203539913162722,0.00121478421939678
"687","EGR3",20.6023601956364,1.06494526008893,0.387691968237115,2.94243564376087e-05,0.000236933684721854
"688","VWA1",184.481170759156,0.663792119798736,0.29156430173454,0.000176086889380782,0.00107419543976413
"689","FJX1",697.397648413688,-0.889348250790597,0.104462950259086,1.81895305057924e-18,5.33198102884218e-16
"690","PIPOX",342.387394202071,0.765275069415518,0.203006507198928,1.48265312347467e-06,1.90879067239227e-05
"691","CDH5",68.5367643316262,0.884977862188477,0.331137515624352,4.69737478706561e-05,0.000350646835843492
"692","ABCA13",485.994282726722,0.57745396905449,0.288627486620739,0.000465563193258797,0.00242535193261922
"693","SSC5D",111.24603314761,0.838019508913957,0.122983974699105,5.70357204308736e-13,4.59997611919474e-11
"694","SLC9A4",14.0208742669426,0.668856491459201,0.383504424277019,0.000691119641513307,0.00338519816696251
"695","SLC47A2",30.9324818950354,1.49698305372898,0.426592286715429,1.87757894912508e-06,2.31740371834118e-05
"696","MAB21L1",168.836734847163,0.876719509886831,0.244967801850256,3.56302685219216e-06,4.00525208760804e-05
"697","OXTR",40.1251132196022,-0.946632435711839,0.242995033276716,1.32193233912808e-06,1.72814876889617e-05
"698","MAPK15",11.0595413473992,0.511550045442539,0.519375943048851,0.00454068998634735,0.0161299784343726
"699","AATK",46.4444868558325,0.505611806060936,0.207284285711094,0.000153558497986424,0.00096285157746074
"700","TMEM45A",329.968062653969,0.969435487549673,0.316630634763478,1.55568885515912e-05,0.000139408378713642
"701","CHST15",449.594672728609,0.835370650377779,0.48897689128319,0.000453907840491293,0.00237437104070308
"702","UBA7",359.926055890409,0.858615250157209,0.22366909443687,1.47795650290248e-06,1.90435257597147e-05
"703","NLRP10",9.29386421001055,-1.80399292829631,0.401451497381413,3.87736236017238e-08,8.0962512953572e-07
"704","C1S",2256.99865479572,0.951599111538026,0.169961678476041,9.82061965375963e-10,3.12517130234359e-08
"705","NXPH4",149.61508226817,0.567972901157913,0.253774076862786,0.000236973694172923,0.00138557346385802
"706","KCNB2",22.8029244363863,1.8179938765663,0.477461373690975,5.16854943192386e-07,7.63412780918754e-06
"707","TSKU",991.594892274757,0.687066995909199,0.120745858423512,1.17355257449218e-10,4.96901719249566e-09
"708","RGS6",538.755350430478,0.869105912447679,0.438412732302441,0.000241093377103202,0.00140696261377646
"709","CADM1",9036.25655716762,0.907734020999877,0.11804841173684,1.38067011234038e-15,1.94866245577818e-13
"710","SPNS2",23.0044150419342,0.518827939023277,0.418618738081434,0.00338657896512195,0.0126647750651015
"711","NEB",21.7812058876943,-0.540329226850048,0.311207249350458,0.00107642239664101,0.00489788256477581
"712","BEGAIN",54.1972594691292,1.03822341182966,0.529609465387424,0.000165728873258433,0.00102316938642296
"713","ARHGEF37",154.397996564356,1.10634744396652,0.265106051506809,4.34783775575879e-07,6.58788180030131e-06
"714","RIPPLY3",9.23189580319027,0.821743996591629,0.51079050371866,0.000565483088506009,0.00286177248276796
"715","GJD3",95.025068528821,0.620710561363251,0.25767443408819,0.000125876937788719,0.000812337918168267
"716","GRIN2A",163.328956928949,0.607554754811431,0.347686611494196,0.000828569175019482,0.00394314078514579
"717","PCBP3",47.4125072380598,1.36688964011368,0.277903480899495,8.94554972297444e-09,2.22805579129574e-07
"718","NOG",91.3747138097136,0.51631008399077,0.370675637953839,0.00261717512483923,0.0102265061337925
"719","NPIPA5",68.7057730813461,0.823486078559433,0.228163041855294,3.01169131874058e-06,3.44390178331302e-05
"720","EMILIN3",18.6268918141762,1.45550841409021,0.459887938083099,5.25035649761411e-06,5.54232576822243e-05
"721","GPR39",45.9893737804493,-0.526910335100213,0.394061110717893,0.00276588970889096,0.0107114981790206
"722","ST6GALNAC3",158.179200885251,0.570830586793067,0.350167881862481,0.00124445661523784,0.00552878233345101
"723","SRPK3",124.5755343893,0.515963962810924,0.237826782693462,0.000346928201138368,0.0019049807528646
"724","CSF1",970.130009363401,0.659489795270993,0.20465811024588,8.07869945698131e-06,7.9447494079204e-05
"725","PLA2G6",72.3522976386241,0.511658795107668,0.200169260753952,0.000101042539387132,0.000674339504324891
"726","FOXO4",130.426963169897,0.732694561842941,0.147408468345472,7.90249038274978e-09,1.9910357174257e-07
"727","TMEM255B",86.2116119579608,0.590073096886439,0.168344127771659,2.43079800879459e-06,2.88123281866686e-05
"728","NELL2",4.58207883201767,0.762079969186917,0.673168866758177,0.00124827551036573,0.00554413275189535
"729","FLRT2",997.757221368733,1.29019385334143,0.232433502626113,4.17174684455617e-10,1.4997626686691e-08
"730","FAM43A",112.935634516473,0.969730591995173,0.143190200207408,8.98397169218895e-13,6.74594485241557e-11
"731","TNFAIP2",915.698953525575,0.625530979579866,0.229877550583744,4.5618688062173e-05,0.000342376003019056
"732","IL3RA",10.026162595278,0.699026876061802,0.467851682644851,0.00103799247033458,0.00475853209783761
"733","MUC1",217.760980069863,0.796953755586356,0.15189075793751,3.39216215022875e-09,9.4702783599712e-08
"734","NDUFA4L2",144.985399808044,0.669118551380007,0.676693758564232,0.00192454372117218,0.00796952456990698
"735","PMEL",29.4021293874273,0.65517753962365,0.396890678946008,0.000886760307525915,0.00416545065257859
"736","IFITM1",314.203906755752,0.890763255448714,0.146647688135281,6.70127211283094e-11,3.04010389332982e-09
"737","PTCH1",927.224067124897,0.762716965188908,0.114994031693663,1.00592734055087e-12,7.30159545334139e-11
"738","IRS2",4502.00502650044,0.915700732624978,0.144736425374254,1.57209800759767e-11,8.52793235936345e-10
"739","PRELID2",281.820900784226,0.58702963825273,0.0961226971385762,3.13647099233828e-12,2.00879106454674e-10
"740","ANKRD37",53.3391102369201,1.47371560098803,0.505510053554768,9.5137511490416e-06,9.14931395835286e-05
"741","CLCNKA",4.78439058874399,1.12199935442547,0.826422000951792,0.000294021790010035,0.00165684811279961
"742","KRT14",6.7512504226607,-0.885050531689864,0.721986696658946,0.000730326238393409,0.00354420975862169
"743","ZNF395",1325.62510041077,1.32059415184049,0.345066455087871,9.12248210594832e-07,1.23839934599553e-05
"744","EFCAB6",26.7706008287463,0.740058979425014,0.399543500431715,0.000443385675242176,0.00233616586509384
"745","ESPN",16.2269528104252,1.32236702339278,0.512455310579924,2.62468536425985e-05,0.000215212904827396
"746","MT1X",2076.13976810334,1.49334964682135,0.618818207219052,2.68931968428188e-05,0.000219332798007002
"747","C11orf96",33.7447451072374,1.81921340001345,0.422308015318594,8.35903432489597e-08,1.58281689707316e-06
"748","SAMD11",6.30584473199549,0.599747508174369,0.514808346450652,0.00251701264879991,0.00989090585348209
"749","PERM1",3.21307935223953,1.18337479896803,0.882516553120103,0.000238206420899741,0.00139171348170746
"750","VMAC",50.4986256762336,0.551711778075998,0.159027463926552,2.83934642395724e-06,3.27136489345277e-05
"751","DIPK1C",14.1840694849902,0.658567278079061,0.60367945831687,0.00201997447439312,0.00830155592158918
"752","COL14A1",1425.80168822704,0.592305325293845,0.124777544781244,8.05215533909962e-09,2.01873361568907e-07
"753","NWD1",19.8838487996064,1.73016452333714,0.319075561771578,3.94498250291515e-10,1.43516392104858e-08
"754","C6orf132",20.241495298227,-1.69194055816977,0.450018503874779,6.78275707120422e-07,9.57310796633017e-06
"755","COL4A5",910.88124600663,0.637721561674192,0.136586841284401,1.56790928997789e-08,3.6266527021446e-07
"756","IER5L",312.067706988916,0.664495418304648,0.22830552941548,2.4227332846743e-05,0.000201249860565979
"757","CFAP54",34.8789480470777,-0.810507340119129,0.219696181390548,2.23765243813785e-06,2.68571150508152e-05
"758","UTS2B",200.957968445069,1.61468748923586,0.161530996486532,9.6834065824666e-26,9.77879859935869e-23
"759","SBSN",65.6598881838039,-0.713496572029468,0.577524863505828,0.00142227007504234,0.00620305085947651
"760","PTPRT",250.246573644538,0.65110601968443,0.408419566382747,0.00101312757185907,0.00466242132628466
"761","HLA.DRB1",159.992450107174,0.629657630417964,0.339954070734697,0.000598133758203754,0.00300689277496109
"762","SERPINA3",8.74458702053992,2.32504491062358,0.416607856016351,1.65265169574134e-10,6.73566037384633e-09
"763","SPTSSB",131.72111631777,0.503768931432169,0.256177646065611,0.000666994584685374,0.0032856208554401
"764","MME",703.789408744648,-0.896034539372037,0.280848938547948,1.15384746523279e-05,0.000107836277820622
"765","MMP1",11041.7830264549,-1.15538865769645,0.519477010200933,7.63283895850994e-05,0.000534438972184506
"766","HLA.DQA1",22.0717909728456,1.19683835843275,0.403839606799424,1.36688245489245e-05,0.000124390383641347
"767","S100A2",250.716327755496,-0.536800392136936,0.0882319757326944,2.96965488067294e-12,1.90997676565813e-10
"768","ARID5A",162.54898682224,0.700669411416974,0.147053381702545,1.61600235941967e-08,3.73223090373243e-07
"769","SCN8A",465.16341148746,-0.561765410578404,0.205258247678464,4.62063854773731e-05,0.000346105127189974
"770","SRGAP1",1619.16879349614,-0.55499580923478,0.124760890642178,3.30337689076519e-08,6.99352415915747e-07
"771","FUT11",951.547657227803,0.781934336393289,0.149673684367685,3.41059371030923e-09,9.48680290624884e-08
"772","ACSL5",101.55039116195,0.853120355364894,0.293275514304894,2.57950512088572e-05,0.000212307756790826
"773","SERPINA1",76.5477780651376,1.11021714997505,0.338050280584747,6.98543137661328e-06,7.07373458782988e-05
"774","UAP1L1",1359.78789212465,0.630705295672564,0.129565872267214,5.51228736459647e-09,1.43417886581936e-07
"775","ADARB1",531.315351265647,-0.511127304766276,0.179732742255199,3.67678992978425e-05,0.00028579963742836
"776","VEPH1",279.747320268513,-0.910126135634542,0.265794091521529,5.81815869090415e-06,6.03746709973864e-05
"777","OGDHL",145.685747635597,0.920600736674732,0.240799624762293,1.66736777613456e-06,2.105690721758e-05
"778","SLC2A10",357.915914629689,0.547219917331076,0.16073494515615,3.73439206132656e-06,4.15802324257127e-05
"779","PDCD1LG2",189.955364522104,-1.10285876706404,0.262445535174917,3.9414131067823e-07,6.02597392042955e-06
"780","NMB",118.412750090613,0.601531209925554,0.172719656918803,2.69755580713651e-06,3.1292879123426e-05
"781","PSAP",19329.3755311896,0.569189696400302,0.0961398218642973,9.05110329336532e-12,5.18669050754765e-10
"782","TOR4A",304.173568633673,-0.885547289239362,0.170081353388543,6.27092915550666e-09,1.62013174775234e-07
"783","CACNA1E",39.5245044574606,1.01217669025133,0.376131457122404,3.69422228712261e-05,0.000286862100471778
"784","MT1F",28.6376656818392,0.515451642804001,0.361726640397058,0.00246385772793149,0.00973472870576974
"785","CCDC69",56.4708967121015,0.501009760081005,0.25955002257113,0.000748424251090569,0.00361363030072016
"786","PLXNB3",1818.33418673319,0.543535125820494,0.117825405850645,1.44556714184886e-08,3.36408854094689e-07
"787","ALPK2",355.946871786435,-0.582710115206404,0.340439169308067,0.00098178885612368,0.00454185357629537
"788","SELENOM",140.215629567074,0.794788995911367,0.181101718349329,1.54902311280681e-07,2.66498412059979e-06
"789","CES1",32.5354889737004,1.57573700953052,0.240407607491754,3.76709297060213e-13,3.13780317764416e-11
"790","TGM2",2809.2924009915,-0.709263440713022,0.281264078602566,8.24462648232493e-05,0.00056880153172333
"791","KPRP",3.33251988751158,-0.818598894735916,0.829024279626543,0.000890042383618386,0.00417829259423932
"792","PNLIPRP3",66.0475682408819,0.819732392631194,0.462606907166341,0.000420664262142607,0.00223654877845824
"793","FOXO6",61.8503355409855,0.933178475632997,0.25765421933833,3.18534510042905e-06,3.6234489078985e-05
"794","MAFB",332.984735485041,2.57706442025017,0.157669551703798,5.98656173554118e-62,9.12531605348542e-58
"795","C2orf72",362.728038622025,0.529316706363335,0.284680245543433,0.000810728682347247,0.00387032173661732
"796","COL5A2",5792.03554845682,0.561056859086225,0.154622314103693,1.44150183388657e-06,1.86526421510466e-05
"797","LAYN",346.70385957292,-0.903223514344668,0.133642573144288,1.0124246305463e-12,7.31392826702236e-11
"798","DDR1",4472.95370082188,0.858524119376015,0.121872453359257,1.33368784523082e-13,1.26269588974245e-11
"799","INSYN2B",584.333984029905,-0.863466512387258,0.101729120824603,2.18286453748664e-18,6.27800078205827e-16
"800","C4orf47",3.85093465963982,0.65221632682019,0.675705914928218,0.00207644804679866,0.0084833282169263
"801","MT1M",21.398830556483,0.58426286701641,0.473153622059467,0.00248961480057015,0.00981614030136856
"802","CFI",397.038829876515,0.755249716569148,0.134352172271443,3.55974013913636e-10,1.31382854578343e-08
"803","RGL3",69.0589815590385,0.622439076493618,0.24769653310363,9.04756962619888e-05,0.000614034300143141
"804","DENND6B",32.4262258794781,0.77515150379545,0.233384363661134,7.1482146528751e-06,7.21113408032926e-05
"805","ATP10A",27.3259435076439,0.835978035850937,0.31801369966029,5.55468577345197e-05,0.000404539298828134
"806","HLA.A",5753.17753074482,0.588512445962136,0.104050463386166,5.11486203793428e-11,2.41820328583756e-09
"807","DIO2",151.429063750813,1.26337401856782,0.314967637307509,5.45696474970296e-07,7.92195368378306e-06
"808","ACKR1",87.7383153026734,1.39398394295793,0.217662966696297,1.48873325699048e-12,1.04574935651179e-10
"809","ASIC3",16.1308978958979,0.658139541539605,0.363900024156035,0.000613940387158692,0.00307333114005253
"810","HEXA",1852.10430126118,0.504813619337,0.0703245723223127,1.68766086668912e-15,2.31756888206687e-13
"811","AP1G2",86.0601623000584,0.558586205282835,0.202322211432754,4.2717250166091e-05,0.000323661210120225
"812","TTLL3",316.375820483998,0.572503126893687,0.157897464407399,1.45620829775562e-06,1.88110026124482e-05
"813","SH3D21",257.916729817146,1.13514620007592,0.313353447841847,2.5373033046117e-06,2.97966982066226e-05
"814","ANG",58.6191740653942,0.884226418658472,0.407724790421069,0.000155977821356578,0.000973615860335104
"815","ARHGEF28",511.222009684327,-0.717677369603435,0.138315883829414,2.36471850905758e-09,6.94516459220899e-08
"816","IFI30",152.242254063828,0.755819503147351,0.395157864139695,0.000371800494757835,0.00202188902661208
"817","SP9",53.1303858993071,0.574492366869661,0.250137571819414,0.000194444632820589,0.00116873798820356
"818","CEBPD",196.76606722555,2.05113178411195,0.208472450083748,1.37429928342414e-24,1.16380244317967e-21
"819","BTBD19",110.484058043809,0.623936606652251,0.158996241549554,4.50327071731708e-07,6.78964941088668e-06
"820","CERS1",197.006403494364,0.604305274999978,0.326899868775431,0.000649545710139048,0.00321566263710604
"821","C4B",62.1238431949034,0.507360210808263,0.387194550284449,0.00318928833181266,0.0120750924097914
"822","FAM229A",40.3904733140472,0.930310828426914,0.27953973700772,7.6871004694009e-06,7.63351612085198e-05
"823","SPANXB1",6.59416543959762,-2.33224896709157,0.573930382849207,1.13759719879511e-07,2.06433263109927e-06
"824","TAPBP",4195.04916601236,0.513554841608464,0.084698712260191,3.6544084506351e-12,2.33071749008497e-10
"825","HLA.B",7188.01872860931,0.668611498165604,0.108975954764264,6.78567996019863e-12,3.99359535263736e-10
"826","C12orf75",1510.44831181178,-0.623330618354454,0.116427654343284,3.88642406004459e-10,1.42064177331558e-08
"827","PPP1R3E",159.744428849267,0.611530705841562,0.103106937078251,1.18466695026607e-11,6.63892585400944e-10
"828","B3GALT4",29.1322674396812,0.545875445956575,0.383868073891423,0.0021607927788101,0.00878553329618626
"829","HLA.DQA2",24.3887073895283,1.14146238331915,0.498310727976559,6.88120206512307e-05,0.000487634416916183
"830","CASTOR1",35.3716063540923,0.807913419105212,0.367611062391803,0.000170744980619017,0.00104819401513318
"831","PEDS1",1818.42104789603,0.618825773796285,0.17373226001657,2.01916769773824e-06,2.46028562882686e-05
"832","TMEFF1",38.7131606119459,0.995598089155485,0.344827850356754,2.35414133561989e-05,0.000196949376393271
"833","MTFP1",176.138246358599,0.540526274950647,0.0964611364883818,5.88996371277429e-11,2.72062778405511e-09
"834","HLA.DMB",82.3676373563519,0.566522673428405,0.374239718520327,0.00164099020584208,0.00697146424404986
"835","RTL5",913.736327864408,0.59142245568345,0.16888336243642,2.46588917878199e-06,2.91150648738759e-05
"836","EIF4EBP3",18.6872084031137,0.959676097219758,0.341529620337199,3.01120926138948e-05,0.000241197387132737
"837","CFB",250.131729358884,1.28688625950187,0.25875125359173,8.8083406582452e-09,2.20107437137101e-07
"838","RTL9",136.960075734217,-0.746302270707143,0.195568079629827,1.16753533562645e-06,1.54754270616992e-05
"839","C4A",103.938756558354,0.756965308823316,0.254663052881756,2.12345401929505e-05,0.000180479791880115
"840","BCKDHA",476.578771484906,0.502606858810698,0.137536023752066,1.5378583654521e-06,1.96988025752826e-05
"841","YJEFN3",67.0406108555072,0.520665925970059,0.241002098862487,0.000350109460974418,0.00192000218495369
"842","X....41",54.3857121009456,0.912490413511375,0.445383729441209,0.000189050408473019,0.00114036223836732
"843","LRRC24",6.55527654058664,1.04136902150206,0.648548256993967,0.000296576875924615,0.00166831928375907
"844","STX16.NPEPL1",28.7976076588393,1.13083331305599,0.434102232702714,3.5927918135796e-05,0.000280494590671886
"845","SMIM3",1550.73787114155,0.819934070768424,0.199452113819382,5.06292247334595e-07,7.49991518573492e-06
"846","MC1R",126.028363667316,0.583876270605457,0.133034121217681,4.64820528837416e-08,9.35965564209872e-07
"847","X....92",112.944481697382,1.2198786983619,0.424501078280433,1.62888488015306e-05,0.000144691679651359
"848","X....105",6.65840413380137,0.571587263949497,0.540788091166713,0.00315855752469009,0.0119795701290995
"849","CCPG1",1782.47099824616,0.535453627699118,0.0487123660662477,6.04581112889733e-31,1.02395887819758e-27
"850","SPON1",465.702805250173,1.24983907384531,0.739250005341562,0.000149493051407309,0.000940455048535536
"851","X....129",53.4843444186013,1.1193213565334,0.507282287992708,8.548914236625e-05,0.000586722646145317
"852","MYO15B",24.2356842883772,1.01073426947644,0.28408248050517,3.70636268852417e-06,4.13587748617672e-05
"853","GABRQ",468.821787627748,-0.970339262834202,0.155380266917408,2.54961816342427e-11,1.32641056877393e-09
"854","BIVM.ERCC5",141.518976861285,-0.74492187053576,0.33255136142647,0.000171990323122534,0.0010527846482621
"855","X....193",20.9160542609048,-0.881972545225888,0.506223265071529,0.000373069972830184,0.00202662351954758
"856","TBC1D3L",56.7750690726409,0.835626130444154,0.25765665509165,9.78665169457006e-06,9.37813291988856e-05
"857","NEFL",1798.95006140625,0.644173018105126,0.167591198117313,6.84957182950426e-07,9.62285929927497e-06
"858","PCDH20",543.597632456355,1.40133248176525,0.638463591516698,4.8195817014584e-05,0.000357145765072097
"859","X....242",74.5852507376387,0.877537706538528,0.230857198608198,1.72664988295482e-06,2.16798386868865e-05
"860","X....243",241.775188337587,0.549425018694629,0.246951626388306,0.000260059664593115,0.00150268744025506
"861","X....310",94.6302845475348,-0.65595398623528,0.411145968777647,0.000993913528508042,0.00458541886048671
"862","X....346",17.0763269595582,-0.605507683976725,0.62707183038872,0.00267515277670152,0.0104231034285603
